INN Name,Therapeutic ID,Trade name,Manufacturer,Labelled as Biosimilar?,Progeny of,Protein Description,Protein Modality,Species,Antibody Backbone,Light Chain,Fc Modifications,Conjugate Modification,Conjugate Description,Expression System,Sequence IDC database Identifier(s),Sequence Verified?,Target(s) (Protein/Molecule),Mechanism of Action,Furthest Development Stage Reached,FDA approved,First FDA approval,EU approval ,First EU approval ,,,,,,,,,,,,,,,
Abciximab,PR_0002,REOPRO,Eli Lilly,No,,Chimeric IgG1 Fab fragment of monoclonal antibody 7E3,Antibody Fragments,Chimeric,Human Fab (CH1 IgG1),kappa,Not applicable,Unconjugated,None,Murine myeloma cells,"SQ_0163, SQ_0164",Yes,"GPIIb/IIIa, αvβ3","Binding of platelet GPIIb/IIIa receptor, inhibiting platelet aggregation and monocyte adhesion",Approval,Yes,1995,Yes,1996,,,,,,,,,,,,,,,
Adalimumab,PR_0003,HUMIRA,Abbvie,No,,Human monoclonal antibody (IgG1) against TNFa,Monoclonal antibody,Human,human IgG1,kappa,None,Unconjugated,None,Chinese hamster ovary (CHO) cells,"SQ_0003, SQ_0004",Yes,TNFa,Inhibition of TNFa binding to TNFa receptor,Approval,Yes,2002,Yes,2016,,,,,,,,,,,,,,,
Adalimumab,PR_0004,HYRIMOZ,Sandoz,Yes,PR_0003,Human monoclonal antibody (IgG1) against TNFa,Monoclonal antibody,Human,human IgG1,kappa,None,Unconjugated,None,Chinese hamster ovary (CHO) cells,"SQ_0003, SQ_0004",Yes,TNFa,Inhibition of TNFa binding to TNFa receptor,Approval,Yes,2018,,,,,,,,,,,,,,,,,
Adalimumab,PR_0005,CYLTEZO,Boehringer Ingelheim,Yes,PR_0003,Human monoclonal antibody (IgG1) against TNFa,Monoclonal antibody,Human,human IgG1,kappa,None,Unconjugated,None,Chinese hamster ovary (CHO) cells,"SQ_0003, SQ_0004",Yes,TNFa,Inhibition of TNFa binding to TNFa receptor,Approval,Yes,2021,,,,,,,,,,,,,,,,,
Adalimumab,PR_0006,ABRILADA,Pfizer,Yes,PR_0003,Human monoclonal antibody (IgG1) against TNFa,Monoclonal antibody,Human,human IgG1,kappa,None,Unconjugated,None,Chinese hamster ovary (CHO) cells,"SQ_0003, SQ_0004",Yes,TNFa,Inhibition of TNFa binding to TNFa receptor,Approval,Yes,2019,,,,,,,,,,,,,,,,,
Adalimumab,PR_0007,AMJEVITA,Amgen,Yes,PR_0003,Human monoclonal antibody (IgG1) against TNFa,Monoclonal antibody,Human,human IgG1,kappa,None,Unconjugated,None,Chinese hamster ovary (CHO) cells,"SQ_0003, SQ_0004",Yes,TNFa,Inhibition of TNFa binding to TNFa receptor,Approval,Yes,2016,Yes,2020,,,,,,,,,,,,,,,
Adalimumab,PR_0008,HADLIMA,Samsung Bioepis,Yes,PR_0003,Human monoclonal antibody (IgG1) against TNFa,Monoclonal antibody,Human,human IgG1,kappa,None,Unconjugated,None,Chinese hamster ovary (CHO) cells,"SQ_0003, SQ_0004",Yes,TNFa,Inhibition of TNFa binding to TNFa receptor,Approval,Yes,2019,,,,,,,,,,,,,,,,,
Adalimumab,PR_0009,HULIO,"Mylan, Fujifilm Kyowa Kirin Biologics",Yes,PR_0003,Human monoclonal antibody (IgG1) against TNFa,Monoclonal antibody,Human,human IgG1,kappa,None,Unconjugated,None,Chinese hamster ovary (CHO) cells,"SQ_0003, SQ_0004",Yes,TNFa,Inhibition of TNFa binding to TNFa receptor,Approval,Yes,2020,,,,,,,,,,,,,,,,,
Brentuximab vedotin,PR_0010,ADCETRIS,"Seattle Genetics, Millennium Pharmaceuticals",No,,"Consists of the chimeric monoclonal antibody brentuximab (cAC10, which targets the cell-membrane protein CD30) linked with maleimide attachment groups, cathepsin-cleavable linkers (valine-citrulline), and para-aminobenzylcarbamate spacers to three to five units of the antimitotic agent monomethyl auristatin E (MMAE, reflected by the 'vedotin' in the drug's name).",Antibody-drug conjugate,Chimeric,human IgG1,kappa,None,Drug Conjugate,Vedotin,Chinese hamster ovary (CHO) cells,"SQ_0165, SQ_0166",Yes,CD30 (TNFRSF8),Anti-CD30 conjugated to Monomethyl auristatin E (MMAE),Approval,Yes,2011,Yes,2016,,,,,,,,,,,,,,,
A-dmDT390-bisFV,PR_0011,RESIMMUNE,Angimmune,No,,Anti-CD3 bisFv fused to truncated diptheria toxin (DT),Immunotoxin,Bacterial,Not Applicable,Not Applicable,Not Applicable,Not Applicable,None,Undetermined,,,CD3e,Depletor,Approval,Yes,2001,,,,,,,,,,,,,,,,,
Trastuzumab emtansine,PR_0012,KADCYLA,"Genentech, Inc",No,,"HER2-targeted antibody (trastuzumab) conjugated with a microtubule inhibitor (mertansine), KADCYLA is a HER2-targeted antibody and microtubule inhibitor conjugate indicated, as a single agent, for: the treatment of patients with HER2-positive, metastatic breast cancer who previously received trastuzumab and a taxane, separately or in combination. Patients should have either received prior therapy for metastatic disease, or  developed disease recurrence during or within six months of completing adjuvant therapy. Also used for the adjuvant treatment of patients with HER2-positive early breast cancer who have residual invasive disease after neoadjuvant taxane and trastuzumab-based treatment. ",Antibody-drug conjugate,Humanized,human IgG1,kappa,None,Drug Conjugate,Emtansine,Chinese hamster ovary (CHO) cells,"SQ_0027, SQ_0028",Yes,"HER2, tubulin",Anti-HER2 antibody drug conjugate for delivery of anti-microtubule agent DM1 (a maytansine derivative) for cell cycle arrest,Approval,Yes,2013,Yes,2020,,,,,,,,,,,,,,,
Aflibercept,PR_0015,EYLEA,Regeneron Pharmaceuticals,No,,"VEGFR1/2 Fc Fusion. EYLEA is indicated for the treatment of patients with Neovascular (Wet)
Age-Related Macular Degeneration (AMD)",Fc-Fusion,Human,human IgG1,Not Applicable,Not Applicable,Not Applicable,None,Undetermined,,,VEGF,Inhibition of VEGF binding to VEGFR,Approval,Yes,2011,Yes,2012,,,,,,,,,,,,,,,
Agalsidase alfa,PR_0016,REPLAGAL,TAKEDA PHARMS USA ,No,,"Agalsidase alfa is a recombinant human alpha-galactosidase indicated to treat Fabry disease, a genetic deficiency in the enzyme leading to buildup of globotriaosylceramide.",Enzyme,Human,Not Applicable,Not Applicable,Not Applicable,Not Applicable,Glycosilation,Undetermined,SQ_0100,Yes,globotriaosylceramide (GL-3),"α-galactosidase A is uptaken by cells via the mannose 6 phosphate receptor.3 Agalsidase alfa hydrolyzes globotriaosylceramide and other glycosphingolipids that would normally be hydrolyzed by endogenous α-galactosidase A.7 Preventing the accumulation of glycosphingolipids prevents or reduces the severity of manifestations of Fabry disease such as renal failure, cardiomyopathy, or cerebrovascular events.",Approval,No,,Yes,2001,,,,,,,,,,,,,,,
Agalsidase beta,PR_0017,FABRAZYME,Genzyme Corp,No,,Recombinant human alpha-galactosidase-A produced,Enzyme,Human,Not Applicable,Not Applicable,Not Applicable,Not Applicable,Glycosilation,Undetermined,SQ_0099,Yes,globotriaosylceramide (GL-3),"Alpha-galactosidase A catalyzes the hydrolysis of globotriaosylceramide (GL-3) and other a-galactyl-terminated neutral glycosphingolipids, such as galabiosylceramide and blood group B substances to ceramide dihexoside and galactose.",Approval,Yes,2003,Yes,2001,,,,,,,,,,,,,,,
Laronidase,PR_0019,ALDURAZYME,Genzyme,No,,ALDURAZYME is indicated for patients with Hurler and Hurler-Scheie forms of Mucopolysaccharidosis I (MPS I) and for patients with the Scheie form who have moderate to severe symptoms.  The risks and benefits of treating mildly affected patients with Scheie form have not been established.  ALDURAZYME has been shown to improve pulmonary function and walking capacity.  ALDURAZYME has not been evaluated for effects on the central nervous system manifestations of the disorder,Enzyme,Human,Not Applicable,Not Applicable,Not Applicable,Not Applicable,None,Undetermined,SQ_0102,Yes,Glycosaminoglycan,Laronidase catalyses the hydrolysis of terminal alpha-L-iduronic acid residues of dermatan sulfate and heparin sulfate.,Approval,Yes,2003,Yes,2003,,,,,,,,,,,,,,,
Alemtuzumab,PR_0020,CAMPATH,"Genzyme, Sanofi",No,,Humanized IgG1 kappa against CD52,Monoclonal antibody,Humanized,human IgG1,kappa,None,Unconjugated,None,Chinese hamster ovary (CHO) cells,"SQ_0011, SQ_0012",Yes,CD52,Depletion of CD52 expressing cells (T and B cells),Approval,Yes,2001,,,,,,,,,,,,,,,,,
Alemtuzumab,PR_0021,MABCAMPATH,"Genzyme, Sanofi",Yes,PR_0020,Humanized IgG1 kappa against CD52,Monoclonal antibody,Humanized,human IgG1,kappa,None,Unconjugated,None,Chinese hamster ovary (CHO) cells,"SQ_0011, SQ_0012",Yes,CD52,Depletion of CD52 expressing cells (T and B cells),Approval,No,,Yes,2001,,,,,,,,,,,,,,,
Alemtuzumab,PR_0022,LEMTRADA,Sanofi,Yes,PR_0020,Humanized IgG1 kappa against CD52,Monoclonal antibody,Humanized,human IgG1,kappa,None,Unconjugated,None,Chinese hamster ovary (CHO) cells,"SQ_0011, SQ_0012",Yes,CD52,Depletion of CD52 expressing cells (T and B cells),Approval,Yes,2013,,,,,,,,,,,,,,,,,
Alglucosidase alfa,PR_0023,LUMIZYME,Genzyme Corp,No,,Lysosomal Alpha Glucosidase (Acid Maltase or Aglucosidase Alfa),Enzyme,Human,Not Applicable,Not Applicable,Not Applicable,Not Applicable,Glycosilation,Undetermined,SQ_0103,Yes,Glycogen,"Alglucosidase alfa is designed to act as an exogenous source of GAA, acting to correct GAA deficiency that is the hallmark of Pompe disease. Alglucosidase alfa binds to mannose-6-phosphate receptors on the cell surface via carbohydrate groups on the GAA molecule, after which it is internalized and transported into lysosomes, where it undergoes proteolytic cleavage that results in increased enzymatic activity. It then exerts enzymatic activity in cleaving glycogen. Specifically, it hydrolyses alpha-1,4-glucose bonds.",Approval,Yes,2010,,,,,,,,,,,,,,,,,
Alglucosidase alfa,PR_0024,MYOZYME,Genzyme Corp,No,,Lysosomal Alpha Glucosidase (Acid Maltase or Aglucosidase Alfa),Enzyme,Human,Not Applicable,Not Applicable,Not Applicable,Not Applicable,Glycosilation,Undetermined,SQ_0103,Yes,Glycogen,"Alglucosidase alfa is designed to act as an exogenous source of GAA, acting to correct GAA deficiency that is the hallmark of Pompe disease. Alglucosidase alfa binds to mannose-6-phosphate receptors on the cell surface via carbohydrate groups on the GAA molecule, after which it is internalized and transported into lysosomes, where it undergoes proteolytic cleavage that results in increased enzymatic activity. It then exerts enzymatic activity in cleaving glycogen. Specifically, it hydrolyses alpha-1,4-glucose bonds.",Approval,Yes,2010,Yes,2006,,,,,,,,,,,,,,,
Alirocumab,PR_0025,PRALUENT,"Sanofi, Regeneron",No,,Human IgG1 Kappa against PCSK9,Monoclonal antibody,Human,human IgG1,kappa,None,Unconjugated,None,Chinese hamster ovary (CHO) cells,"SQ_0009, SQ_0010",Yes,PCSK9 ,Inhibition of PCSK9 binding to LDL-R,Approval,Yes,2015,,,,,,,,,,,,,,,,,
Atezolizumab,PR_0048,TECENTRIQ,Genetech,No,,Humanized IgG1 against PDL1 (CD274),Monoclonal antibody,Humanized,human IgG1,kappa,Aglycosylated (N297A),Unconjugated,None,Chinese hamster ovary (CHO) cells,"SQ_0007, SQ_0008",Yes,CD274 (PDL1),Inhibition of PDL1 to PD1 to promote T cell activation,Approval,Yes,2016,,,,,,,,,,,,,,,,,
ATR-107,PR_0050,NONE,Pfizer,No,,Fully human monoclonal antibody against IL-21R,Monoclonal antibody,Human,Not Applicable,Not Applicable,Not applicable,Unconjugated,None,Undetermined,"SQ_0238, SQ_0239",Yes,IL-21R,Inhibition of IL-21R,Phase I,No,,,,,,,,,,,,,,,,,,
Avelumab,PR_0052,BAVENCIO,EMD Serono/Merck,No,,Human IgG1 against PDL1 (CD274),Monoclonal antibody,Human,human IgG1,lambda,None,Unconjugated,None,Chinese hamster ovary (CHO) cells,"SQ_0005, SQ_0006",Yes,CD274 (PDL1),Inhibition of PDL1 to PD1 to promote T cell activation,Approval,Yes,2017,Yes,2023,,,,,,,,,,,,,,,
Interferon beta-1a,PR_0053,AVONEX,Biogen Idec,No,,"interferon beta-1a  is indicated for the treatment of patients with relapsing forms of
multiple sclerosis to slow the accumulation of physical disability and decrease the frequency of
clinical exacerbations",Cytokine,Human,Not Applicable,Not Applicable,Not Applicable,Not Applicable,None,Undetermined,,,Interferon Alpha/Beta Receptor 1 ,Unknown,Approval,Yes,1996,Yes,1997,,,,,,,,,,,,,,,
Interferon beta-1a,PR_0054,REBIF,EMD Serono,No,,interferon beta-1a,Cytokine,Human,Not Applicable,Not Applicable,Not Applicable,Not Applicable,None,Undetermined,,,Interferon Alpha/Beta Receptor 1 ,Unknown,Approval,Yes,1996,Yes,1998,,,,,,,,,,,,,,,
Basiliximab,PR_0055,SIMULECT,Novartis,No,,Chimeric mouse-human monoclonal antibody binding to IL-2RA,Monoclonal antibody,Chimeric,human IgG1,kappa,None,Unconjugated,None,Murine myeloma cells,"SQ_0139, SQ_0140",Yes,CD25 (IL-2R),Blocking of IL-2Ra chain,Approval,Yes,1998,Yes,1998,,,,,,,,,,,,,,,
Bavituximab,PR_0056,NONE,Peregrine Pharmaceuticals,No, ,Mouse/human Chimeric monoclonal antibody (IgG1) against Phosphatidylserine,Monoclonal antibody,Chimeric,human IgG1,kappa,Not applicable,Not applicable,None,Undetermined,"SQ_0137, SQ_0138",Yes,Phosphatidylserine,"Clearing infectious virus from the bloodstream, and the induction of antibody-dependent cellular cytotoxicity of virus-infected cells",Phase III,No, ,,,,,,,,,,,,,,,,,
Belimumab,PR_0061,BENLYSTA,"GlaxoSmithKline, AstraZeneca",No, ,Human IgG1 inhibiting soluble human B lymphocyte stimulator protein,Monoclonal antibody,Human,human IgG1,lambda,None,Unconjugated,None,Murine myeloma cells,"SQ_0109, SQ_0110",Yes,BLyS (BAFF),Inhibition of the B cell activating factor (BAFF),Approval,Yes,2011,Yes,2011,,,,,,,,,,,,,,,
Benralizumab,PR_0062,FASENRA,AstraZeneca,No, ,Human mAb targeted against IL-5Ra,Monoclonal antibody,Humanized,human IgG1,kappa,Afucosylated,Unconjugated,Fucosylated,Chinese hamster ovary (CHO) cells,"SQ_0111, SQ_0112",Yes,IL-5Ra,Antagonism of IL-5Ra,Approval,Yes,2017,Yes,2018,,,,,,,,,,,,,,,
Interferon beta-1a,PR_0063,BETASERON,Bayer,No,,interferon beta-1b,Cytokine,Human,Not Applicable,Not Applicable,Not Applicable,Not Applicable,None,Undetermined,,,Interferon Alpha/Beta Receptor 1 ,Unknown,Approval,Yes,1993,Yes,1995,,,,,,,,,,,,,,,
Bevacizumab,PR_0065,BEVZ92,mAbxience,Yes,PR_0070,Humanized monoclonal antibody (IgG1) against VEGFA,Monoclonal antibody,Humanized,human IgG1,kappa,None,Unconjugated,None,Chinese hamster ovary (CHO) cells,"SQ_0033, SQ_0034",Yes,VEGF-A,Inhibition of circulating VEGF preventing it from binding to its receptor,Phase I,No,,,,,,,,,,,,,,,,,,
Bevacizumab,PR_0067,QL1101,Qilu Pharmaceutical,Yes,PR_0070,Humanized monoclonal antibody (IgG1) against VEGFA,Monoclonal antibody,Humanized,human IgG1,kappa,None,Unconjugated,None,Chinese hamster ovary (CHO) cells,"SQ_0033, SQ_0034",Yes,VEGF-A,Inhibition of circulating VEGF preventing it from binding to its receptor,Phase III,No,,,,,,,,,,,,,,,,,,
Bevacizumab,PR_0068,SB8,Samsung Bioepis,Yes,PR_0070,Humanized monoclonal antibody (IgG1) against VEGFA,Monoclonal antibody,Humanized,human IgG1,kappa,None,Unconjugated,None,Chinese hamster ovary (CHO) cells,"SQ_0033, SQ_0034",Yes,VEGF-A,Inhibition of circulating VEGF preventing it from binding to its receptor,Phase I,No,,,,,,,,,,,,,,,,,,
Bevacizumab,PR_0069,TAB008,TOT BIOPHARM,Yes,PR_0070,Humanized monoclonal antibody (IgG1) against VEGFA,Monoclonal antibody,Humanized,human IgG1,kappa,None,Unconjugated,None,Chinese hamster ovary (CHO) cells,"SQ_0033, SQ_0034",Yes,VEGF-A,Inhibition of circulating VEGF preventing it from binding to its receptor,Phase III,No,,,,,,,,,,,,,,,,,,
Bevacizumab,PR_0070,AVASTIN,Genetech,No,,Humanized monoclonal antibody (IgG1) against VEGFA,Monoclonal antibody,Humanized,human IgG1,kappa,None,Unconjugated,None,Chinese hamster ovary (CHO) cells,"SQ_0033, SQ_0034",Yes,VEGF-A,Inhibition of circulating VEGF preventing it from binding to its receptor,Approval,Yes,2004,,,,,,,,,,,,,,,,,
Bevacizumab,PR_0071,MVASI,Amgen,Yes,PR_0070,Humanized monoclonal antibody (IgG1) against VEGFA,Monoclonal antibody,Humanized,human IgG1,kappa,None,Unconjugated,None,Chinese hamster ovary (CHO) cells,"SQ_0033, SQ_0034",Yes,VEGF-A,Inhibition of circulating VEGF preventing it from binding to its receptor,Approval,Yes,2017,,,,,,,,,,,,,,,,,
Bevacizumab,PR_0072,ZIRABEV,Pfizer,Yes,PR_0070,Humanized monoclonal antibody (IgG1) against VEGFA,Monoclonal antibody,Humanized,human IgG1,kappa,None,Unconjugated,None,Chinese hamster ovary (CHO) cells,"SQ_0033, SQ_0034",Yes,VEGF-A,Inhibition of circulating VEGF preventing it from binding to its receptor,Approval,Yes,2019,,,,,,,,,,,,,,,,,
Bezlotoxumab,PR_0073,ZINPLAVA,Merck & Co,No, ,Fully human monoclonal antibody targetting Clostridium difficile's Toxin B,Monoclonal antibody,Human,human IgG1,kappa,None,Unconjugated,None,Chinese hamster ovary (CHO) cells,"SQ_0113, SQ_0114",Yes,C. difficile toxin B,Neutralization of C. difficile's toxin B,Approval,Yes,2016,Yes,2017,,,,,,,,,,,,,,,
Bimagrumab,PR_0074,BYM338,Novartis,No,,Fully human monoclonal antibody binding to activin type II receptor,Monoclonal antibody,Human,human IgG1,lambda,L234A,Unconjugated,None,Undetermined,"SQ_0116, SQ_0117",Yes,Activin receptor Type II,Antagonism of activin receptor II,Phase II,No,,No,,,,,,,,,,,,,,,,
Blinatumomab,PR_0075,BLINCYTO,AMGEN,No,,"Tandem scFv (#2, BiTE, FRAG, 1  + 1)",IgG-like Bispecific,Mouse,ScFv,Not Applicable,Not applicable,Unconjugated,None,Chinese hamster ovary (CHO) cells,SQ_0154,Yes,"CD19, CD3",Cross linking of CD3 with CD19 to activate T cells,Approval,Yes,2014,Yes,2020,,,,,,,,,,,,,,,
Burosumab,PR_0081,CRYSVITA,Kyowa Hakko Kirin,No,,Human monoclonal antibody binding to FGF23,Monoclonal antibody,Human,human IgG1,kappa,None,Unconjugated,None,Undetermined,"SQ_00145, SQ_00146",Yes,FGF23,Neutralization of FGF23,Approval,Yes,2018,Yes,2018,,,,,,,,,,,,,,,
Canakinumab,PR_0084,ILARIS,Novartis ,No,,Human monoclonal antibody (IgG1) against IL-1B,Monoclonal antibody,Human,human IgG1,kappa,None,Unconjugated,None,Murine myeloma cells,"SQ_0161, SQ_0162",Yes,IL-1ß,Antagonism of IL-1B,Approval,Yes,2009,Yes,2016,,,,,,,,,,,,,,,
Brolucizumab,PR_0080,BEOVU,Novartis,No,,Humanized anti VEGF-A monoclonal antibody,Single-Domain Antibody,Humanized,ScFv,kappa,Not applicable,Unconjugated,None,E. coli bacteria,,,VEGF-A,"Vascular endothelial growth factor (VEGF) inhibitor which targets the major VEGF-A isoforms: VEGF110, VEGF121, and VEGF165.",Approval,Yes,2019,Yes ,2020,,,,,,,,,,,,,,,
Cetuximab,PR_0092,ERBITUX,IMCLONE,No,,recombinant chimeric human/mouse IgG1-kappa monoclonal antibody,Monoclonal antibody,Chimeric,human IgG1,kappa,None,Unconjugated,None,Murine myeloma cells,"SQ_0159, SQ_160",Yes,EGFR,EGFR antagonist that functions by binding to epidermal growth factor receptor (EGFR) and preventing binding of its ligands,Approval,Yes,2004,Yes,2016,,,,,,,,,,,,,,,
Daclizumab,PR_0106,ZINBRYTA,Biogen,No,,recombinant modified human factor Xa (FXa) protein indicated for,Monoclonal Antibody,Humanized,human IgG1,kappa,None,Unconjugated,None,Murine myeloma cells,,,CD25 (IL-2R),Anti-CD25 antibody that blocks the interleukin-2 receptor,Approval,Yes,1997,Yes ,1997,,,,,,,,,,,,,,,
Caplacizumab,PR_0085,CABLIVI,Ablynx NV,No,,Humanized Camelid VHH dimer specific against VWF and,Single-Domain Antibody,Humanized,VHH,Not Applicable,Not applicable,Unconjugated,None,E. coli bacteria,SQ_0155,Yes,Factor VIII - von Willebrand factor,Antagonist,Approval,Yes,2019,Yes,2021,,,,,,,,,,,,,,,
Daratumumab,PR_0108,DARZALEX,"Janssen Biotech, Inc",No,,"patients treated with rivaroxaban or apixaban, when reversal of",Monoclonal antibody,Human,human IgG1,kappa,None,Unconjugated,None,Chinese hamster ovary (CHO) cells,"SQ_0169, SQ_0170",Yes,CD38,Monoclonal antibody against CD38+ multiple myeloma cells,Approval,Yes,2015,Yes,2016,,,,,,,,,,,,,,,
Certolizumab pegol,PR_0091,CIMZIA,UCB INC,No,,PEGylated Fab'-G1-kappa fragment of a humanized monoclonal antibody,Monoclonal antibody,Humanized,Human Fab (CH1 IgG1),kappa,Not applicable,PEG Conjugate,PEGylation,E. coli bacteria,"SQ_0143, SQ_0144",Yes,TNFa,"Antagonism of TNFa, PEGylated",Approval,Yes,2008,Yes,2007,,,,,,,,,,,,,,,
Dinutuximab,PR_0114,"UNITUXIN, QARZIBA",United Therapeutics Europe,No,,IgG1 monoclonal human/mouse chimeric antibody against GD2,Monoclonal antibody,Chimeric,human IgG1,kappa,None,Unconjugated,None,Murine myeloma cells,"SQ_0156, SQ_0157",Yes,GD2,Induction of cell lysis for cells expressing GD2,Approval,Yes,2015,Yes,2020,,,,,,,,,,,,,,,
Nonacog alfa,PR_0095,BENEFIX,Pfizer,No,,a recombinant human blood coagulation factor IX,Blood Clotting Factors,Human ,Not Applicable,Not Applicable,Not applicable,Not applicable,None,Undetermined,,,"FVIII, FX",Restores clotting activity via activation of FX,Approval,Yes,1997,Yes,1997,,,,,,,,,,,,,,,
Recombinant factor IX (rFIX),PR_0096,RIXUBIS,Baxter,No,,a recombinant human blood coagulation factor IX,Blood Clotting Factors,Human ,Not Applicable,Not Applicable,Not applicable,Not applicable,None,Undetermined,,,"FVIII, FX",Restores clotting activity via activation of FX,Approval,Yes,2013,Yes,2014,,,,,,,,,,,,,,,
Coagulation factor Xa,PR_0103,ANDEXXA,AstraZeneca,No,,"ANDEXXA (coagulation factor Xa (recombinant), inactivated-zhzo) is a",Blood Clotting Factors,Human,Not Applicable,Not Applicable,Not applicable,Not applicable,None,Undetermined,,,rivaroxaban and apixaban,"binding and sequestering the FXa inhibitors, rivaroxaban and apixaban",Approval,Yes,2018,Yes,2019,,,,,,,,,,,,,,,
Bococizumab,PR_0076,RN316,Pfizer,No,,Humanized monoclonal antibody (IgG2 Delta) against PCSK9,Monoclonal antibody,Humanized,human IgG2,kappa,A330S; P331S,Unconjugated,None,Undetermined,"SQ_0031, SQ_0032",Yes,PCSK9,Inhibition of PCSK9 binding to LDL-R,Phase III,No,,No,,,,,,,,,,,,,,,,
Brodalumab,PR_0079,"SILIQ, KYNTHEUM",VALEANT PHARMS LLC ,No,,SILIQ is a human interleukin-17 receptor A (IL-17RA) antagonist indicated for the treatment of moderate to severe plaque psoriasis in adult patients who are candidates for systemic therapy or phototherapy and have failed to respond or have lost response to other systemic therapies.,Monoclonal antibody,Human,human IgG2,kappa,None,Unconjugated,None,Chinese hamster ovary (CHO) cells,"SQ_0148, SQ_0149",Yes,IL-17RA,"Blocking signaling of IL-17A, IL-17F and IL-25",Approval,Yes,2017,No,No,,,,,,,,,,,,,,,
Darbepoetin alpha,PR_0110,ARANESP,Amgen,No,,anticoagulation is needed due to life-threatening or uncontrolled bleeding,Hormone and Growth Factors,Human,Not Applicable,Not Applicable,Not applicable,Not applicable,Enhanced Glycosylation,Undetermined,SQ_0158,Yes,EpoR,erythropoiesis-stimulating agent (ESA),Approval,Yes,2006,Yes,2016,,,,,,,,,,,,,,,
Denileukin diftitox,PR_0111,ONTAK,Eisai,No,,IL-2 fused to a truncated diptheria Toxin (DT),Immunotoxin,Bacterial,Not Applicable,Not Applicable,Not applicable,Not applicable,None,Undetermined,,,CD25 (IL-2R),Denileukin diftitox is a fusion protein designed to direct the cytocidal action of diphtheria toxin to cells which express the IL-2 receptor,Approval,Yes,1999,No,,,,,,,,,,,,,,,,
Denosumab,PR_0112,"PROLIA, XGEVA",Amgen,No,,"Human IgG2 monoclonal antibody, RANK ligand inhibitor used for management of osteoporosis",Monoclonal antibody,Human,human IgG2,kappa,None,Unconjugated,None,Chinese hamster ovary (CHO) cells,"SQ_0172, SQ_0173",Yes,RANK-L,RANK ligand inhibitor,Approval,Yes,2010,Yes ,2016,,,,,,,,,,,,,,,
Cemiplimab,PR_0087,LIBTAYO,Regeneron Pharmaceuticals,No,,"Human IgG4, PD1 Blocking Antibody",Monoclonal antibody,Human,Human IgG4,kappa,S228P,Unconjugated,None,Chinese hamster ovary (CHO) cells,"SQ_0167, SQ_0168",Yes,PDCD1 (PD-1),Blocking of PD-1 ,Approval,Yes,2018,Yes,2021,,,,,,,,,,,,,,,
Dupilumab,PR_0118,DUPIXENT,Regeneron,No,,Human Monoclonal antibody (IgG4 kappa) against IL-4Ra,Monoclonal antibody,Human,Human IgG4,kappa,S228P,Unconjugated,None,Chinese hamster ovary (CHO) cells,"SQ_0029, SQ_0030",Yes,IL-4Ra,Inhibition of IL-4R stimulation to reduce inflammation,Approval,Yes,2017,Yes,2020,,,,,,,,,,,,,,,
Durvalumab,PR_0119,IMFINZI,AstraZeneca,No,,Humanized Monoclonal antibody (IgG1k) against PDL1,Monoclonal antibody,Humanized,human IgG1,kappa,L234F; L235E; P331S,Unconjugated,None,Chinese hamster ovary (CHO) cells,"SQ_0035, SQ_0036",Yes,CD274 (PDL1),Inhibition of PDL1 to PD1 to promote T cell activation,Approval,Yes,2017,Yes ,2021,,,,,,,,,,,,,,,
E coli Asparginase,PR_0120,ELSPAR,Merck,No,,E coli derived Recombinant Protein which depletes Asparagine,Enzyme,Bacterial,Not Applicable,Not Applicable,None,Not applicable,None,E. coli bacteria,SQ_0046,No,Asparigine,Depletion of Asparagine to induce apoptosis of leukemia cells,Approval,Yes,1978,,,,,,,,,,,,,,,,,
Denileukin diftitox,PR_0123,LYMPHIR,Citius Pharmaceuticals,No,,"IL-2 fused to a truncated diptheria Toxin (DT), improved purity",Immunotoxin,Bacterial,Not Applicable,Not Applicable,Not applicable,Not applicable,None,Undetermined,,,CD25 (IL-2R),Denileukin diftitox is a fusion protein designed to direct the cytocidal action of diphtheria toxin to cells which express the IL-2 receptor,Approval,Yes,2024,No,,,,,,,,,,,,,,,,
Eculizumab,PR_0126,"SOLIRIS, BEKEMV",ALEXION PHARM ,No,,Humanized monoclonal antibody against complement C5 ,Monoclonal antibody,Humanized,Human IgG2(CH1-hinge)/IgG4(CH2-CH3),kappa,None,Unconjugated,None,Murine myeloma cells,"SQ_0174, SQ_0175",Yes,C5,Prevents activation of complement terminal complex,Approval,Yes,2007,Yes ,2016,,,,,,,,,,,,,,,
Efalizumab,PR_0127,RAPTIVA,"Genentech, Inc",No,,Humanized monoclonal antibody that binds to human CD11a,Monoclonal Antibody,Humanized,human IgG1,kappa,None,Unconjugated,None,Chinese hamster ovary (CHO) cells,,,CD11a,Binds to CD11a and inhibits the binding of LFA-1 to intercellular adhesion molecule-1,Approval,Yes,2003,,2004,,,,,,,,,,,,,,,
Idursulfase,PR_0129,ELAPRASE,Shire,No,,Iduronate-2-sulfatase Mimetic,Enzyme,Human,Not Applicable,Not Applicable,Not applicable,Not applicable,None,Undetermined,,,Glycosaminoglycan,enzyme cleaves the terminal 2-O-sulfate moieties from the glycosaminoglycans (GAG) dermatan sulfate and heparan sulfate,Approval,Yes,2006,Yes,2007,,,,,,,,,,,,,,,
Elotuzumab,PR_0131,EMPLICITI,Bristol-Myers Squibb,No,,Humanized monoclonal antibody (IgG1) against SLAMF7,Monoclonal antibody,Humanized,human IgG1,kappa,None,Unconjugated,None,Murine myeloma cells,"SQ_0176, SQ_0177",Yes,SLAMF7,"Anti-SLAMF7 immunostimulatory antibody, antineoplastic agent",Approval,Yes,2015,Yes ,2016,,,,,,,,,,,,,,,
Emapalumab,PR_0133,GAMIFANT,Novimmune SA,No,,Human monoclonal antibody against IFN-y,Monoclonal antibody,Human,human IgG1,lambda,None,Unconjugated,None,Undetermined,"SQ_0178, SQ_0179",Yes,INFγ,Immunosuppressant antibody targeting IFN-y,Approval,Yes,2018,No,,,,,,,,,,,,,,,,
Epoetin alfa,PR_0136,EPOGEN,Amgen/Johnson & Johnson,No,,Recombinant human erythropoietin (Epo),Hormone and Growth Factors,Human,Not Applicable,Not Applicable,Not Applicable,Unconjugated,None,Undetermined,SQ_0098,Yes,EpoR,erythropoiesis-stimulating agent (ESA),Approval,Yes,1989,Yes,1989,,,,,,,,,,,,,,,
Epoetin alfa,PR_0137,RETACRIT,Pfizer,Yes,PR_0136,Recombinant human erythropoietin (Epo),Hormone and Growth Factors,Human,Not Applicable,Not Applicable,Not Applicable,Unconjugated,None,Undetermined,SQ_0098,Yes,EpoR,erythropoiesis-stimulating agent (ESA),Approval,Yes,2018,Yes,2007,,,,,,,,,,,,,,,
Eptinezumab,PR_0138,VYEPTI,Lundbeck Seattle BioPharmaceuticals,No,,Humanized immunoglobulin G1 (IgG1) monoclonal antibody,Monoclonal Antibody,Humanized,human IgG1,kappa,Aglycosylated (N297A),Unconjugated,None,Pichia pastoris yeast cells,,,CGRP receptor,Binds to calcitonin gene-related peptide (CGRP) ligand and blocks its binding to the receptor,Approval,Yes,2020,Yes ,2022,,,,,,,,,,,,,,,
Etanercept,PR_0142,ENBREL,Amgen,No,,TNFa Receptor-IgG1 Fc fusion,Fc-Fusion,Human,human IgG1,Not Applicable,None,Unconjugated,None,Undetermined,SQ_0045,Yes,TNFa,Inhibition of TNFa binding to TNFa receptor,Approval,Yes,1998,Yes,2016,,,,,,,,,,,,,,,
Erwinia Asparaginase,PR_0140,ERWINAZE,Jazz Pharmaceuticals,No,,Erwinia derived Recombinant Protein which depletes Asparagine,Enzyme,Bacterial,Not Applicable,Not Applicable,Not applicable,Not applicable,None,Erwinia chrysanthemi,SQ_0047,No,Asparigine,Depletion of Asparagine to induce apoptosis of leukemia cells,Approval,Yes,2011,,,,,,,,,,,,,,,,,
Epoetin alfa,PR_0141,PROCRIT,Janssen,No,,Recombinant human erythropoietin (Epo),Hormone and Growth Factors,Human,Not Applicable,Not Applicable,Not Applicable,Unconjugated,None,Undetermined,SQ_0098,Yes,EpoR,erythropoiesis-stimulating agent (ESA),Approval,Yes,1989,Yes,1989,,,,,,,,,,,,,,,
Etanercept,PR_0145,BENEPALI,Samsung Bioepis,Yes,PR_0142,TNFa Receptor-IgG1 Fc fusion,Fc-Fusion,Human,human IgG1,Not Applicable,None,Unconjugated,None,Undetermined,SQ_0045,Yes,TNFa,Inhibition of TNFa binding to TNFa receptor,Approval,No,,Yes,2020,,,,,,,,,,,,,,,
Etanercept,PR_0146,BRENZYS,Samsung Bioepis,Yes,PR_0142,TNFa Receptor-IgG1 Fc fusion,Fc-Fusion,Human,human IgG1,Not Applicable,None,Unconjugated,None,Undetermined,SQ_0045,Yes,TNFa,Inhibition of TNFa binding to TNFa receptor,Approval,No,,No,,,,,,,,,,,,,,,,
Etanercept,PR_0147,TUNEX,Mycenax Biotech,Yes,PR_0142,TNFa Receptor-IgG1 Fc fusion,Fc-Fusion,Human,human IgG1,Not Applicable,None,Unconjugated,None,Undetermined,SQ_0045,Yes,TNFa,Inhibition of TNFa binding to TNFa receptor,Phase III,No,,No,,,,,,,,,,,,,,,,
Etanercept,PR_0148,ERELZI,Sandoz,Yes,PR_0142,TNFa Receptor-IgG1 Fc fusion,Fc-Fusion,Human,human IgG1,Not Applicable,None,Unconjugated,None,Undetermined,SQ_0045,Yes,TNFa,Inhibition of TNFa binding to TNFa receptor,Approval,Yes,2016,Yes,2020,,,,,,,,,,,,,,,
Etanercept,PR_0149,ETICOVO,Samsung Bioepis,Yes,PR_0142,TNFa Receptor-IgG1 Fc fusion,Fc-Fusion,Human,human IgG1,Not Applicable,None,Unconjugated,None,Undetermined,SQ_0045,Yes,TNFa,Inhibition of TNFa binding to TNFa receptor,Approval,Yes,2019,,,,,,,,,,,,,,,,,
Golimumab,PR_0167,SIMPONI,Janssen,No,,Human monoclonal antibody (IgG1/kappa) against TNFa,Monoclonal antibody,Human,human IgG1,kappa,None,Unconjugated,None,Murine myeloma cells,"SQ_0037, SQ_0038",Yes,TNFa,Inhibition of TNFa binding to TNFa receptor,Approval,Yes,2009,Yes,2016,,,,,,,,,,,,,,,
Guselkumab,PR_0168,TREMFYA,Janssen,No,,human immunoglobulin G1 lambda (IgG1λ) monoclonal antibody that selectively blocks interleukin-23,Monoclonal antibody,Human,human IgG1,lambda,None,Unconjugated,None,Chinese hamster ovary (CHO) cells,"SQ_0186, SQ_0187",Yes,IL-23,"Guselkumab selectively binds to the p19 subunit of IL-23 in dendritic cells and keratinocytes and blocks its interaction with IL-23 receptor, which further prevents the release of other pro-inflammatory cytokines and chemokines via stimulation of immune cells",Approval,Yes,2017,Yes,2020,,,,,,,,,,,,,,,
Infliximab,PR_0177,REMICADE,Janssen Biotech,No,,Mouse/human Chimeric monoclonal antibody (IgG1) against TNFa,Monoclonal antibody,Chimeric,human IgG1,kappa,None,Unconjugated,None,Murine myeloma cells,"SQ_0015, SQ_0016",Yes,TNFa,Inhibition of TNFa binding to TNFa receptor,Approval,Yes,1998,Yes,2016,,,,,,,,,,,,,,,
Infliximab,PR_0178,RENFLEXIS,Samsung Bioepis/Merck,Yes,PR_0177,Mouse/human Chimeric monoclonal antibody (IgG1) against TNFa,Monoclonal antibody,Humanized,human IgG1,kappa,None,Unconjugated,None,Murine myeloma cells,"SQ_0015, SQ_0016",Yes,TNFa,Inhibition of TNFa binding to TNFa receptor,Approval,Yes,2017,,,,,,,,,,,,,,,,,
Infliximab,PR_0179,AVSOLA,Amgen,Yes,PR_0177,Mouse/human Chimeric monoclonal antibody (IgG1) against TNFa,Monoclonal antibody,Humanized,human IgG1,kappa,None,Unconjugated,None,Murine myeloma cells,"SQ_0015, SQ_0016",Yes,TNFa,Inhibition of TNFa binding to TNFa receptor,Approval,Yes,2019,,,,,,,,,,,,,,,,,
Infliximab,PR_0180,INFLECTRA,Celltrion/Pfizer,Yes,PR_0177,Mouse/human Chimeric monoclonal antibody (IgG1) against TNFa,Monoclonal antibody,Humanized,human IgG1,kappa,None,Unconjugated,None,Murine myeloma cells,"SQ_0015, SQ_0016",Yes,TNFa,Inhibition of TNFa binding to TNFa receptor,Approval,Yes,2016,Yes,2016,,,,,,,,,,,,,,,
Infliximab,PR_0458,IXIFI,Pfizer,Yes,PR_0177,Mouse/human Chimeric monoclonal antibody (IgG1) against TNFa,Monoclonal antibody,Chimeric,human IgG1,kappa,None,Unconjugated,None,Murine myeloma cells,"SQ_0015, SQ_0016",Yes,TNFa,Inhibition of TNFa binding to TNFa receptor,Approval,Yes,2017,,,,,,,,,,,,,,,,,
Ipilimumab,PR_0214,YERVOY,Bristol-Myers Squibb,No,,human (IgG1) cytotoxic T-lymphocyte antigen 4 (CTLA-4)-blocking antibody,Monoclonal antibody,Humanized,human IgG1,kappa,None,Unconjugated,None,Chinese hamster ovary (CHO) cells,"SQ_0017, SQ_0018",Yes,CTLA-4,Inhibition of CTLA4 to promote T cell activation,Approval,Yes,2011,Yes,2020,,,,,,,,,,,,,,,
Isatuximab,PR_0215,SARCLISA,Sanofi-Aventis,No,,"humanized, IgG1-derived monoclonal antibody (mAb) produced from a Chinese hamster ovary (CHO) cell line",Monoclonal antibody,Humanized,human IgG1,kappa,None,Unconjugated,None,Chinese hamster ovary (CHO) cells,"SQ_0202, SQ_0203",Yes,CD38,"activity against CD38 results in a number of downstream effects, including direct apoptosis of the affected cell and activation of immune mechanisms including antibody-dependent cell-mediated cytotoxicity (ADCC), antibody-dependent cellular phagocytosis (ADCP), and complement dependent cytotoxicity (CDC), all of which result in potent anti-tumour activity.9,2 Via allosteric antagonism, isatuximab also inhibits CD38 ectoenzymatic activity, preventing the immunosuppressive effects of its downstream products.",Approval,Yes,2020,Yes,2020,,,,,,,,,,,,,,,
Ibritumomab tiuxetan,PR_0173,ZEVALIN,SPECTRUM PHARMS ,No,,monoclonal murine IgG1 kappa anti-CD20 antibody used to treat B-cell non-Hodgkin's lymphoma via a conjugated radioactive isotope.,Antibody-drug conjugate,Mouse,Murine IgG1,kappa,None,Radioisotope Conjugate,Tiuxetan,Chinese hamster ovary (CHO) cells,"SQ_0190, SQ_0191",No,CD20,"The Fab segment of the antibody targets the CD20 epitope on B-cells, allowing the radioactive yttrium to destroy the cell via production of beta particles.",Approval,Yes,2002,Yes,2016,,,,,,,,,,,,,,,
Idarucizumab,PR_0174,PRAXBIND,BOEHRINGER INGELHEIM,No,,humanized monoclonal antibody fragment (Fab) derived from an immunoglobulin G1 isotype molecule that binds to and inactivates the oral anticoagulant dabigatran,Antibody fragments,Humanized,Human Fab (CH1 IgG1),kappa,Not applicable,Unconjugated,None,Chinese hamster ovary (CHO) cells,"SQ_0192, SQ_0193",Yes,Dabigatran,"specific reversal agent for dabigatran. It is a humanized monoclonal antibody fragment (Fab) that binds to dabigatran and its acylglucuronide metabolites with higher affinity than the binding affinity of dabigatran to thrombin, neutralizing their anticoagulant effect.",Approval,Yes,2015,Yes,2016,,,,,,,,,,,,,,,
Lanadelumab,PR_0218,TAKHZYRO,TAKEDA PHARMS USA ,No,,TAKHZYRO is a plasma kallikrein inhibitor (monoclonal antibody) indicated for prophylaxis to prevent attacks of hereditary angioedema (HAE) in patients 12 years and older.,Monoclonal antibody,Human,human IgG1,kappa,None,Unconjugated,None,Chinese hamster ovary (CHO) cells,"SQ_0200, SQ_0201",Yes,Plasma Kallikrein,"Inhibition of plasma kallikrein involved in activation of bradykinin, a vasodilator. Prevents vasodilation and episodes of angioedema by inhibiting activation of bradykinin",Approval,Yes,2018,Yes,2021,,,,,,,,,,,,,,,
Margetuximab,PR_0226,MARGENZA,MacroGenics,No,,"MARGENZA is a HER2/neu receptor antagonist indicated, in combination with chemotherapy, for the treatment of adult patients with metastatic HER2 positive breast cancer who have received two or more prior anti-HER2 regimens, at least one of which was for metastatic disease",Monoclonal antibody,Chimeric,human IgG1,kappa,F243L; R292P; Y300L; V305I; P396L,Unconjugated,None,Chinese hamster ovary (CHO) cells,"SQ_0130, SQ_0131",Yes,HER2,"Inhibition of HER2 , binds to same epitope as Trastuzumab",Approval,Yes,2021,No,,,,,,,,,,,,,,,,
Mepolizumab,PR_0228,NUCALA,GLAXOSMITHKLINE LLC,No,,"NUCALA is an interleukin-5 (IL-5) antagonist monoclonal antibody (IgG1 gradually, if appropriate. (5.4) kappa) indicated for add-on maintenance treatment of patients with severe asthma aged 12 years and older, and with an eosinophilic phenotype, and the treatment of adult patients with eosinophilic granulomatosis with polyangiitis",Monoclonal antibody,Humanized,human IgG1,kappa,None,Unconjugated,None,Chinese hamster ovary (CHO) cells,"SQ_0128, SQ_0129",Yes,IL-5,Inhibition of IL-5 by blocking alpha chain of the IL-5R,Approval,Yes,2015,Yes,2020,,,,,,,,,,,,,,,
Mogamulizumab,PR_0231,POTELIGEO,"Kyowa Kirin, Inc",No,,POTELIGEO is a CC chemokine receptor type 4 (CCR4)directed monoclonal antibody indicated for the treatment of adult patients with relapsed or refractory mycosis fungoides or Sézary syndrome after at least one prior systemic therapy,Monoclonal antibody,Humanized,human IgG1,kappa,Afucosylated,Unconjugated,None,Chinese hamster ovary (CHO) cells,"SQ_0206, SQ_0207",Yes,CCR4,"Binds and Inhibits CCR4, which blocks signal transduction pathways associated with cellular migration and proliferation of T cells. Induces antibody-dependent cell-mediated cytotoxicity against CCR4+ T cells",Approval,Yes,2018,Yes,2020,,,,,,,,,,,,,,,
Naxitamab,PR_0236,DANYELZA,Y-mAbs Therapeutics,No,,"DANYELZA is a GD2-binding monoclonal antibody (IgG1) indicated, in combination with granulocyte-macrophage colony-stimulating factor (GMCSF), for the treatment of pediatric patients 1 year of age and older and adult patients with relapsed or refractory high-risk neuroblastoma in the bone or bone marrow who have demonstrated a partial response, minor response, or stable disease to prior therapy",Monoclonal antibody,Humanized,human IgG1,kappa,None,Unconjugated,Glycosylated,Chinese hamster ovary (CHO) cells,"SQ_0088, SQ_0089",Yes,GD2,Naxitamab is an IgG1 monoclonal antibody directed against GD2 disialogangliosides - it binds to GD2 on the surface of neuroblastoma cells and induces both complement-dependent cytotoxicity (CDC) and antibody-dependent cell-mediated cytotoxicity (ADCC),Approval,Yes,2020,,,,,,,,,,,,,,,,,
Necitumumab,PR_0237,PORTRAZZA,Eli Lilly and Company,No,,"PORTRAZZA is an epidermal growth factor receptor (EGFR) antagonist indicated, in combination with gemcitabine and cisplatin, for first-line treatment of patients with metastatic squamous non-small cell lung cancer",Monoclonal antibody,Humanized,human IgG1,kappa,None,Unconjugated,None,Murine myeloma cells,"SQ_0090, SQ_0091",Yes,EGFR,EGFR antagonist that functions by binding to epidermal growth factor receptor (EGFR) and preventing binding of its ligands,Approval,Yes,2015,,,,,,,,,,,,,,,,,
Interferon beta-1b,PR_0212,EXTAVIA,Novartis,No,,EXTAVIA is an interferon beta indicated for the treatment of relapsing forms of multiple sclerosis to reduce the frequency of clinical exacerbations. Patients with multiple sclerosis in whom efficacy has been demonstrated include patients who have experienced a first clinical episode and have MRI features consistent with multiple sclerosis.,Cytokine,Human,Not Applicable,Not Applicable,Not Applicable,Not Applicable,None,Undetermined,,,Interferon Alpha/Beta Receptor 1 ,Unknown,Approval,Yes,1993,Yes,2008,,,,,,,,,,,,,,,
Obiltoxaximab,PR_0239,ANTHIM,Elusyis Therapeutics Inc.,No,,"ANTHIM is a monoclonal antibody (IgG1) directed against the protective antigen of Bacillus anthracis. It is indicated in adult and pediatric patients for treatment of inhalational anthrax due to B. anthracis in combination with appropriate antibacterial drugs and, for prophylaxis of inhalational anthrax when alternative therapies are not available or are not appropriate.",Monoclonal antibody,Chimeric,human IgG1,kappa,None,Unconjugated,None,Murine myeloma cells,"SQ_0092, SQ_0093",Yes,Protective antigen of Bacillus anthracis,"Competitive antagonist to Protective Antigen, which prevents the anthrax toxins from binding to and entering the cells in the body, thereby preventing death.",Approval,Yes,2016,Yes,2020,,,,,,,,,,,,,,,
Obinutuzumab,PR_0240,GAZYVA,"Genentech, Inc",No,,"GAZYVA is a CD20-directed huamnized monoclonal antibody (IgG1) and is indicated: in combination with chlorambucil, for the treatment of patients with previously untreated chronic lymphocytic leukemia, in combination with bendamustine followed by GAZYVA monotherapy, for the treatment of patients with follicular lymphoma who relapsed after, or are refractory to, a rituximab-containing regimen, and in combination with chemotherapy followed by GAZYVA monotherapy in patients achieving at least a partial remission, for the treatment of adult patients with previously untreated stage II bulky, III or IV follicular lymphoma",Monoclonal antibody,Humanized,human IgG1,kappa,Afucosylated,Unconjugated,None,Chinese hamster ovary (CHO) cells,"SQ_0094, SQ_0095",Yes,CD20,Inhibition of CD20,Approval,Yes,2013,Yes,2020,,,,,,,,,,,,,,,
Ocrelizumab,PR_0241,OCREVUS,"Genentech, Inc",No,,OCREVUS is a CD20-directed humanized monoclonal antibody (IgG1) indicated for the treatment of patients with relapsing or primary progressive forms of multiple sclerosis.,Monoclonal antibody,Humanized,human IgG1,kappa,None,Unconjugated,Glycosylated,Chinese hamster ovary (CHO) cells,"SQ_0096, SQ_0097",Yes,CD20,Inhibition of CD20,Approval,Yes,2017,Yes,2020,,,,,,,,,,,,,,,
Ofatumumab,PR_0242,ARZERRA,Novartis,No,,ARZERRA is a CD20-directed monoclonal antibody (IgG1 kappa) indicated for the treatment of patients with chronic lymphocytic leukemia (CLL) refractory to fludarabine and alemtuzumab. ,Monoclonal antibody,Humanized,human IgG1,kappa,None,Unconjugated,None,Murine myeloma cells,"SQ_0126, SQ_0127",Yes,CD20,Inhibition of CD20 lead,Approval,Yes,2009,Yes,2021,,,,,,,,,,,,,,,
Ofatumumab,PR_0243,KESIMPTA,Novartis,Yes,PR_0242,"KESIMPTA is a CD20-directed cytolytic antibody indicated for the treatment of relapsing forms of multiple sclerosis (MS), to include clinically isolated syndrome, relapsing-remitting disease, and active secondary progressive disease, in adults. ",Monoclonal antibody,Humanized,human IgG1,kappa,None,Unconjugated,None,Murine myeloma cells,"SQ_0126, SQ_0127",Yes,CD20,Inhibition of CD20 lead,Approval,Yes,2009,Yes,2021,,,,,,,,,,,,,,,
Olaratumab,PR_0245,LARTRUVO,Eli Lilly,No,,Fully human monoclonal antibody (IgG1 kappa) against PDGFRa indicated for soft tissue sarcoma,Monoclonal antibody,Human,human IgG1,kappa,None,Unconjugated,None,Murine myeloma cells,"SQ_0082, SQ_0083",Yes,PDGFR-α,Competitively inhibit PDGRF,Approval,Yes,2016,,,,,,,,,,,,,,,,,
Otelixizumab,PR_0248,TRX4,"Tolerx, Inc",No,,Rat-Chimeric IgG1λ,Monoclonal Antibody,Chimeric,human IgG1,lambda,None,Unconjugated,None,Undetermined,,,CD3,Inhibit the function of autoreactive T cells,Phase III,No,,No,,,,,,,,,,,,,,,,
Methoxy polyethylene glycol-epoetin beta,PR_0229,MIRCERA,Roche/Vifor Inc.,No,,"Mircera is an erythropoiesis-stimulating agent (ESA) indicated for the treatment of anemia associated with chronic kidney disease (CKD) in adult patients on dialysis and adult patients not on dialysis, and pediatric patients 5 to 17 years of age on hemodialysis who are converting from another ESA after their hemoglobin level was stabilized with an ESA.",Hormone and Growth Factors,Human,Not Applicable,Not Applicable,Not Applicable,PEG Conjugate,PEGylation,Undetermined,SQ_0098,Yes,EpoR,erythropoiesis-stimulating agent (ESA),Approval,Yes,2014,Yes,2016,,,,,,,,,,,,,,,
Palivizumab,PR_0251,SYNAGIS,MEDIMMUNE,No,,"Humanized monoclonal antibody (IgG1k) produced by recombinant DNA technology, directed to an epitope in the A antigenic site of the F protein of respiratory syncytial virus (RSV)",Monoclonal antibody,Humanized,human IgG1,kappa,None,Unconjugated,None,Murine myeloma cells,"SQ_0078, SQ_0079",Yes,RSV gpF,Inhibition of epitope in the A antigenic site of the F proteim of RSC,Approval,Yes,1998,Yes,2016,,,,,,,,,,,,,,,
Moxetumomab pasudotox,PR_0232,LUMOXITI,AstraZeneca,No,PR_0331,"Deimmunized version of Anti-mesothelin dsFv fused to Pseudomonas Exotoxin (PE38) (SS1P) LUMOXITI is a CD22-directed cytotoxin indicated for the treatment of adult patients with relapsed or refractory hairy cell leukemia (HCL) who received at least two prior systemic therapies, including treatment with a purine nucleoside analog (PNA).",Immunotoxin,Bacterial,Not Applicable,kappa ,Not Applicable,Not Applicable,None,Undetermined,,,CD22,Targeted ,Approval,Yes,2018,,,,,,,,,,,,,,,,,
Pertuzumab,PR_0288,PERJETA,"Genentech, Inc",No,,Humanized monoclonal antibody (IgG1 kappa) against HER2,Monoclonal antibody,Humanized,human IgG1,kappa,None,Unconjugated,None,Chinese hamster ovary (CHO) cells,"SQ_0074, SQ_0075",Yes,HER2,Inhibition of extracellular dimerization domain of HER2,Approval,Yes,2012,Yes,2021,,,,,,,,,,,,,,,
Polatuzumab vedotin,PR_0291,POLIVY,"Genentech, Inc",No,,"humanized immunoglobulin G1 (IgG1) monoclonal antibody CD79b-directed antibody-drug conjugate that delivers monomethyl auristatin E (MMAE), an anti-mitotic agent, to cancer cells",Antibody-drug conjugate,Humanized,human IgG1,kappa,None,Drug Conjugate,Vedotin,Chinese hamster ovary (CHO) cells,"SQ_0208,SQ_0209",Yes,CD79b,"Once the antibody component binds to CD79b, polatuzumab vedotin is internalized, and lysosomal proteases cleave the linker to release MMAE in the cell. MMAE is a microtubule-disrupting anti-mitotic agent that exerts cytotoxic effects against malignant B cells.",Approval,Yes,2019,Yes,2021,,,,,,,,,,,,,,,
Ramucirumab,PR_0293,CYRAMZA,Eli Lilly and Co,No,,Human monoclonal (IgG1) against VEGFR2,Monoclonal antibody,Human,human IgG1,kappa,None,Unconjugated,None,Murine myeloma cells,"SQ_0072, SQ_0073",Yes,VEGFR2,Inhibito of VEGFR2,Approval,Yes,2014,Yes,2020,,,,,,,,,,,,,,,
Raxibacumab,PR_0298,ABTHRAX,HUMAN GENOME SCIENCES INC,No,,Human monoclonal antibodi (IgG1) that binds the protective antigen component of anthrax and prevents binding to its receptor ,Monoclonal antibody,Human,human IgG1,lambda,None,Unconjugated,None,Murine myeloma cells,,No,Protective antigen of Bacillus anthracis ,Competitive antagonist of protective antigen of Bacillus anthracis ,Approval,Yes,2012,No,,,,,,,,,,,,,,,,
Risankizumab,PR_0305,SKYRIZI,Abbvie,No,,Fully Human IgG1 monoclonal antibody against IL-23,Monoclonal antibody,Humanized,human IgG1,kappa,L234A; L235A,Unconjugated,None,Chinese hamster ovary (CHO) cells,"SQ_0062, SQ_0063",Yes,IL-23,"IL-23 Antagonist, lowers T-cell mediated immune response and inflammation",Approval,Yes,2019,Yes,2021,,,,,,,,,,,,,,,
Rituximab,PR_0306,RITUXAN,Genentech,No,,Mouse/human Chimeric monoclonal antibody (IgG1) against CD20,Monoclonal antibody,Chimeric,human IgG1,kappa,None,Unconjugated,None,Chinese hamster ovary (CHO) cells,"SQ_0023, SQ_0024",Yes,CD20,Cytotoxicity of CD20 expression cells,Approval,Yes,1997,,,,,,,,,,,,,,,,,
Rituximab,PR_0308,TRUXIMA,Celltrion,Yes,PR_0306,Mouse/human Chimeric monoclonal antibody (IgG1) against CD20,Monoclonal antibody,Chimeric,human IgG1,kappa,None,Unconjugated,None,Chinese hamster ovary (CHO) cells,"SQ_0023, SQ_0024",Yes,CD20,Cytotoxicity of CD20 expression cells,Approval,Yes,2018,,,,,,,,,,,,,,,,,
Rituximab,PR_0309,RIABNI,Amgen,Yes,PR_0306,Mouse/human Chimeric monoclonal antibody (IgG1) against CD20,Monoclonal antibody,Chimeric,human IgG1,kappa,None,Unconjugated,None,Chinese hamster ovary (CHO) cells,"SQ_0023, SQ_0024",Yes,CD20,Cytotoxicity of CD20 expression cells,Approval,Yes,2020,,,,,,,,,,,,,,,,,
Rituximab,PR_0310,RUXIENCE,Pfizer,Yes,PR_0306,Mouse/human Chimeric monoclonal antibody (IgG1) against CD20,Monoclonal antibody,Chimeric,human IgG1,kappa,None,Unconjugated,None,Chinese hamster ovary (CHO) cells,"SQ_0023, SQ_0024",Yes,CD20,Cytotoxicity of CD20 expression cells,Approval,Yes,2019,,,,,,,,,,,,,,,,,
Sacituzumab govitecan,PR_0314,TRODELVY,Gilead Sciences,No,,Humanized monoclonal antibody targeting TROP-2-expressing Cancer cells,Antibody-drug conjugate,Humanized,human IgG1,kappa,None,Drug Conjugate,Govitecan,Murine myeloma cells,"SQ_0226, SQ_0227",Yes,TROP-2,"Binds TROP-2 on cancer cells to induce DNA-damage-mediated apoptosis, mAb linked to cytotoxic drug SN-38",Approval,Yes,2020,Yes,2022,,,,,,,,,,,,,,,
Sarilumab,PR_0316,KEVZARA,Regeneron Pharmaceuticals,No,,Human monoclonal antibody against IL-6 Receptor,Monoclonal antibody,Human,human IgG1,kappa,None,Unconjugated,None,Chinese hamster ovary (CHO) cells,"SQ_0228, SQ_0229",Yes,IL-6R,"Binds both soluble and membrane-bound IL-6 receptor, inhibiting inflammatory IL-6 signaling pathways",Approval,Yes,2017,Yes,2017,,,,,,,,,,,,,,,
Secukinumab,PR_0320,COSENTYX,Novartis ,No,,Human monoclonal antibody (IgG1/kappa) against IL-17A,Monoclonal antibody,Human,human IgG1,kappa,None,Unconjugated,None,Chinese hamster ovary (CHO) cells,"SQ_0025, SQ_0026",Yes,IL-17A,Inhibition of IL-17A,Approval,Yes,2015,Yes,2021,,,,,,,,,,,,,,,
Siltuximab,PR_0321,SYLVANT,JANSSEN BIOTECH,No,,Chimeric monoclonal antibody (IgG1 kappa) targeting IL-6,Monoclonal antibody,Chimeric,human IgG1,kappa,None,Unconjugated,None,Chinese hamster ovary (CHO) cells,"SQ_0230, SQ_0231",Yes,IL-6,"Complexes with IL-6 and prevents binding to soluble and membrane-bound IL-6 receptors, inhibiting lymphocyte proliferation",Approval,Yes,2014,Yes,2020,,,,,,,,,,,,,,,
Tildrakizumab,PR_0344,ILUMYA,Merck,No,,Humanized Monoclonal antibody (IgG1) against IL-23α,Monoclonal antibody,Humanized,human IgG1,kappa,None,Unconjugated,None,Chinese hamster ovary (CHO) cells,"SQ_0052, SQ_0053",Yes,IL-23α,Inhibitor of IL-23α,Approval,Yes,2018,Yes,2020,,,,,,,,,,,,,,,
Pegaspargase,PR_0256,ONCASPAR,Servier Pharmaceuticals,No,,"ONCASPAR is an asparagine specific enzyme indicated as a
component of a multi-agent chemotherapeutic regimen for treatment of
pediatric and adult patients with:
 First-line acute lymphoblastic leukemia (1.1)
 Acute lymphoblastic leukemia and hypersensitivity to
asparaginase (1.2)",Enzyme,Bacterial,Not Applicable,Not Applicable,Not Applicable,PEG Conjugate,None,Undetermined,,,L-asparagine,"L-asparaginase is an enzyme that catalyzes the conversion of the amino acid L-asparagine into
aspartic acid and ammonia. The pharmacological effect of ONCASPAR is thought to be based on the killing
of leukemic cells due to depletion of plasma asparagine. Leukemic cells with low expression of asparagine
synthetase have a reduced ability to synthesize asparagine, and therefore depend on an exogenous source
of asparagine for survival.",Approval,Yes,1994,Yes,2016,,,,,,,,,,,,,,,
Pegvaliase,PR_0285,PALYNZIQ,Biomarin,No,,Phenylalanine Ammonia Lyase (Phenylalanine Deaminase or Phenylalanine Ammonium Lyase or PAL),Enzyme,Bacterial,Not Applicable,Not Applicable,Not Applicable,PEG Conjugate,None,Undetermined,,,Phenylalanine,Pegvaliase-pqpz is a PEGylated phenylalanine ammonia lyase (PAL) enzyme that converts phenylalanine to ammonia and trans-cinnamic acid. It substitutes for the deficient phenylalanine hydroxylase (PAH) enzyme activity in patients with PKU and reduces blood phenylalanine concentrations.,Approval,Yes,2018,Yes,2019,,,,,,,,,,,,,,,
Tocilizumab,PR_0345,ACTEMRA,Genentech,No,,Humanized Monoclonal antibody (IgG1) against IL-6R,Monoclonal antibody,Humanized,human IgG1,kappa,None,Unconjugated,None,Chinese hamster ovary (CHO) cells,"SQ_0043, SQ_0044",Yes,IL-6R,Inhibition of IL-6/IL-6R signaling to suppression inflammation,Approval,Yes,2010,,,,,,,,,,,,,,,,,
Trastuzumab,PR_0348,HERCEPTIN,"Genentech, Inc",No,,Humanized Monoclonal antibody (IgG1) against HER2,Monoclonal antibody,Humanized,human IgG1,kappa,None,Unconjugated,None,Chinese hamster ovary (CHO) cells,"SQ_0027, SQ_0028",Yes,HER2,Inhibition of Her2 signaling in cancer,Approval,Yes,1998,Yes,2016,,,,,,,,,,,,,,,
Trastuzumab,PR_0349,DMB-3111,"Meiji Seika Pharma, Dong-A Socio Holdings",Yes,PR_0348,Humanized Monoclonal antibody (IgG1) against HER2,Monoclonal antibody,Humanized,human IgG1,kappa,None,Unconjugated,None,Chinese hamster ovary (CHO) cells,"SQ_0027, SQ_0028",Yes,HER2,Inhibition of Her2 signaling in cancer,Phase I,No,,,,,,,,,,,,,,,,,,
Trastuzumab,PR_0355,KANJINTI,Amgen,Yes,PR_0348,Humanized Monoclonal antibody (IgG1) against HER2,Monoclonal antibody,Humanized,human IgG1,kappa,None,Unconjugated,None,Chinese hamster ovary (CHO) cells,"SQ_0027, SQ_0028",Yes,HER2,Inhibition of Her2 signaling in cancer,Approval,Yes,2019,,,,,,,,,,,,,,,,,
Ranibizumab,PR_0294,LUCENTIS,"Genentech, Inc",No,,Humanized monoclonal antibody (IgG1 kappa) against VEGF-A,Monoclonal antibody,Humanized,Human Fab (CH1 IgG1),kappa,Not applicable,Unconjugated,None,E. coli bacteria,"SQ_0070, SQ_0071",Yes,VEGF-A,Inhibitor of VEGF-A,Approval,Yes,2006,Yes,2016,,,,,,,,,,,,,,,
Ravulizumab,PR_0297,ULTOMIRIS,Alexion,No,,Humanized monoclonal antibody (IgG2/4 kappa) against complement 5,Monoclonal antibody,Humanized,Human IgG2(CH1-hinge)/IgG4(CH2-CH3),kappa,M428L; N434S,Unconjugated,None,Chinese hamster ovary (CHO) cells,"SQ_0068, SQ_0069",Yes,C5,Inhibitor of complement 5,Approval,Yes,2018,Yes,2021,,,,,,,,,,,,,,,
Trastuzumab,PR_0356,OGIVRI,Mylan GmbH,Yes,PR_0348,Humanized Monoclonal antibody (IgG1) against HER2,Monoclonal antibody,Humanized,human IgG1,kappa,None,Unconjugated,None,Chinese hamster ovary (CHO) cells,"SQ_0027, SQ_0028",Yes,HER2,Inhibition of Her2 signaling in cancer,Approval,Yes,2017,,,,,,,,,,,,,,,,,
Trastuzumab,PR_0357,ONTRUZANT,Samsung Bioepis,Yes,PR_0348,Humanized Monoclonal antibody (IgG1) against HER2,Monoclonal antibody,Humanized,human IgG1,kappa,None,Unconjugated,None,Chinese hamster ovary (CHO) cells,"SQ_0027, SQ_0028",Yes,HER2,Inhibition of Her2 signaling in cancer,Approval,Yes,2019,,,,,,,,,,,,,,,,,
Trastuzumab,PR_0358,HERZUMA,Celltrion,Yes,PR_0348,Humanized Monoclonal antibody (IgG1) against HER2,Monoclonal antibody,Humanized,human IgG1,kappa,None,Unconjugated,None,Chinese hamster ovary (CHO) cells,"SQ_0027, SQ_0028",Yes,HER2,Inhibition of Her2 signaling in cancer,Approval,Yes,2018,,,,,,,,,,,,,,,,,
Trastuzumab,PR_0359,TRAZIMERA,Pfizer,Yes,PR_0348,Humanized Monoclonal antibody (IgG1) against HER2,Monoclonal antibody,Humanized,human IgG1,kappa,None,Unconjugated,None,Chinese hamster ovary (CHO) cells,"SQ_0027, SQ_0028",Yes,HER2,Inhibition of Her2 signaling in cancer,Approval,Yes,2019,,,,,,,,,,,,,,,,,
Hyaluronidase human,PR_0307,HYLENEX,"Halozyme, Inc",No,,Human hyaluronidase,Enzyme,Human,Not Applicable,Not Applicable,Not Applicable,Unconjugated,None,Undetermined,SQ_0171,Yes,hyaluronan,Hyaluronidase used in combination therapies to improve the absorption and dispersion,Approval,Yes,2005,,,,,,,,,,,,,,,,,
Ustekinumab,PR_0361,STELARA,"Medarex, Centocor Ortho Biotech Inc., Janssen Biotech, Inc",No,,Human monoclonal antibody (IgG1/kappa) against IL-12 and IL-23,Monoclonal antibody,Human,human IgG1,kappa,None,Unconjugated,None,Murine myeloma cells,"SQ_0041, SQ_0042",Yes,"IL-12, IL-23",Inhibition of IL-12 and IL-23 to supress certain T cell responses,Approval,Yes,2009,Yes,2016,,,,,,,,,,,,,,,
Vedolizumab,PR_0363,ENTYVIO,TAKEDA PHARMS USA ,No,,Humanized Monoclonal antibody (IgG1/kappa) against Integrin-α4β7,Monoclonal antibody,Humanized,human IgG1,kappa,"L235A, G237",Unconjugated,None,Chinese hamster ovary (CHO) cells,"SQ_0050, SQ_0051",Yes,Integrin-α4β7,Inhibitor of Integrin-α4β7,Approval,Yes,2014,Yes,2016,,,,,,,,,,,,,,,
Anrukinzumab,PR_0406,IMA-638,Wyeth/Pfizer,No,,Anti-IL-13 humanized IgG1 monoclonal antibody,Monoclonal antibody,Humanized,human IgG1,kappa,None,Unconjugated,None,Chinese hamster ovary (CHO) cells,"SQ_0212,SQ_0213",Yes,IL-13,"inhibits attachment of IL-13 to IL-4Rα, thus interrupting IL-13 signaling ",Phase II,No,,,,,,,,,,,,,,,,,,
Aducanumab,PR_0407,ADUHELM,Biogen Inc.,No,,monoclonal IgG1 antibody that binds to amyloid-β,Monoclonal antibody,Human,human IgG1,kappa,None,Unconjugated,None,Chinese hamster ovary (CHO) cells,"SQ_0210,SQ_0211",Yes,Amyloid-β,monoclonal IgG1 antibody that targets extracellular amyloid-β plaques in the brain,Approval,Yes,2021,,,,,,,,,,,,,,,,,
Infliximab,PR_0417,FLIXABI,Samsung Bioepis,Yes,PR_0177,Mouse/human Chimeric monoclonal antibody (IgG1) against TNFa,Monoclonal antibody,Chimeric,human IgG1,kappa,None,Unconjugated,None,Murine myeloma cells,"SQ_0015, SQ_0016",Yes,TNFa,Inhibition of TNFa binding to TNFa receptor,Approval,Yes,2016,Yes,2016,,,,,,,,,,,,,,,
Infliximab,PR_0418,ZESSLY,Sandoz,Yes,PR_0177,Mouse/human Chimeric monoclonal antibody (IgG1) against TNFa,Monoclonal antibody,Chimeric,human IgG1,kappa,None,Unconjugated,None,Murine myeloma cells,"SQ_0015, SQ_0016",Yes,TNFa,Inhibition of TNFa binding to TNFa receptor,Approval,,,Yes,2021,,,,,,,,,,,,,,,
Infliximab,PR_0419,REMSIMA,Celltrion Healthcare Hungary Kft,Yes,PR_0177,Mouse/human Chimeric monoclonal antibody (IgG1) against TNFa,Monoclonal antibody,Chimeric,human IgG1,kappa,None,Unconjugated,None,Murine myeloma cells,"SQ_0015, SQ_0016",Yes,TNFa,Inhibition of TNFa binding to TNFa receptor,Approval,,,Yes,2021,,,,,,,,,,,,,,,
Adalimumab,PR_0424,AMSPARITY,Pfizer,Yes,PR_0003,"Anti-TNF monoclonal antibody, Adalimumab Biosimilar",Monoclonal antibody,Human,human IgG1,kappa,None,Unconjugated,None,Chinese hamster ovary (CHO) cells,"SQ_0003, SQ_0004",Yes,TNFa,Inhibition of TNFa binding to TNFa receptor,Approval,Yes,2022,Yes,2020,,,,,,,,,,,,,,,
Rituximab,PR_0425,MABIONCD20,Mabion,Yes,PR_0306,Mouse/human Chimeric monoclonal antibody (IgG1) against CD20,Monoclonal antibody,Chimeric,human IgG1,kappa,None,Unconjugated,None,Chinese hamster ovary (CHO) cells,"SQ_0023, SQ_0024",Yes,CD20,Cytotoxicity of CD20 expression cells,Phase III,No,,No,,,,,,,,,,,,,,,,
SS1P,PR_0331,NONE,NIH/Medimmune,No,,Anti-mesothelin dsFv fused to Pseudomonas Exotoxin (PE38),Immunotoxin,Bacterial,Not Applicable,kappa,Not Applicable,Not Applicable,None,Undetermined,,,Mesothelin,,Phase I,No,,,,,,,,,,,,,,,,,,
Tagraxofusp,PR_0333,ELZONRIS,Stemline theraputics,No,,IL-3 fused to truncated diptheria toxin (DT),Immunotoxin,Bacterial,Not Applicable,Not Applicable,Not Applicable,Not Applicable,None,Undetermined,,,CD123,"Tagraxofusp-erzs is a CD123-directed cytotoxin composed of recombinant human interleukin-3 (IL-3) and
truncated diphtheria toxin (DT) fusion protein that inhibits protein synthesis and causes cell death in
CD123-expressing cells",Approval,Yes,2018,Yes,2021,,,,,,,,,,,,,,,
Adalimumab,PR_0426,M923,Momenta Pharmaceuticals,Yes,PR_0003,Human monoclonal antibody (IgG1) against TNFa,Monoclonal antibody,Human,human IgG1,kappa,None,Unconjugated,None,Chinese hamster ovary (CHO) cells,"SQ_0003, SQ_0004",Yes,TNFa,Inhibition of TNFa binding to TNFa receptor,Phase III,No,,No,,,,,,,,,,,,,,,,
Adalimumab,PR_0427,IDACIO,Fresenius Kabi,Yes,PR_0003,Human monoclonal antibody (IgG1) against TNFa,Monoclonal antibody,Human,human IgG1,kappa,None,Unconjugated,None,Chinese hamster ovary (CHO) cells,"SQ_0003, SQ_0004",Yes,TNFa,Inhibition of TNFa binding to TNFa receptor,Approval,Yes,2022,Yes,2019,,,,,,,,,,,,,,,
Bevacizumab,PR_0428,BCD-021,Biocad,Yes,PR_0070,Humanized monoclonal antibody (IgG1) against VEGFA,Monoclonal antibody,Humanized,human IgG1,kappa,None,Unconjugated,None,Chinese hamster ovary (CHO) cells,"SQ_0033, SQ_0034",Yes,VEGF-A,Inhibition of circulating VEGF preventing it from binding to its receptor,Approval,No,,No,,,,,,,,,,,,,,,,
Tositumomab,PR_0346,BEXXAR,GlaxoSmithKline,No,,"Murine IgG2a lambda monoclonal antibody against CD20 antigen (2 heavy chains of 451 residues, 2 lambda chains of 220 residues). can be covalently linked to Iodine 131 (a radioactive isotope of iodine).",Monoclonal antibody,Chimeric,Murine IgG2,lambda,None,Radioisotope Conjugate,Iodine-131,Murine hybridoma,"SQ_0236, SQ_0237",Yes,CD20,"Binds to the CD20 antigen which is found on mature B lymphocytes. The antibody binding appears to induce apoptosis, complement-dependent cytotoxicity and cell death through ionizing radiation.",Approval,Yes,2009,No,,,,,,,,,,,,,,,,
Bevacizumab,PR_0429,TRS-003,Zhejiang Teruisi Pharmaceutical,Yes,PR_0070,Humanized monoclonal antibody (IgG1) against VEGFA,Monoclonal antibody,Humanized,human IgG1,kappa,None,Unconjugated,None,Chinese hamster ovary (CHO) cells,"SQ_0033, SQ_0034",Yes,VEGF-A,Inhibition of circulating VEGF preventing it from binding to its receptor,Phase III,,,,,,,,,,,,,,,,,,,
Bevacizumab,PR_0430,EQUIDACENT,Centus,Yes,PR_0070,Humanized monoclonal antibody (IgG1) against VEGFA,Monoclonal antibody,Humanized,human IgG1,kappa,None,Unconjugated,None,Chinese hamster ovary (CHO) cells,"SQ_0033, SQ_0034",Yes,VEGF-A,Inhibition of circulating VEGF preventing it from binding to its receptor,Approval,,,Yes,2021,,,,,,,,,,,,,,,
Rituximab,PR_0433,RIXATHON,Sandoz,Yes,PR_0306,Mouse/human Chimeric monoclonal antibody (IgG1) against CD20,Monoclonal antibody,Chimeric,human IgG1,kappa,None,Unconjugated,None,Chinese hamster ovary (CHO) cells,"SQ_0023, SQ_0024",Yes,CD20,Cytotoxicity of CD20 expression cells,Approval,No,,Yes,2017,,,,,,,,,,,,,,,
Rituximab,PR_0434,BI695500,Boehringer Ingelheim,Yes,PR_0306,Mouse/human Chimeric monoclonal antibody (IgG1) against CD20,Monoclonal antibody,Chimeric,human IgG1,kappa,None,Unconjugated,None,Chinese hamster ovary (CHO) cells,"SQ_0023, SQ_0024",Yes,CD20,Cytotoxicity of CD20 expression cells,Phase III,No,,No,,,,,,,,,,,,,,,,
Rituximab,PR_0435,SAIT101,Archigen,Yes,PR_0306,Mouse/human Chimeric monoclonal antibody (IgG1) against CD20,Monoclonal antibody,Chimeric,human IgG1,kappa,None,Unconjugated,None,Chinese hamster ovary (CHO) cells,"SQ_0023, SQ_0024",Yes,CD20,Cytotoxicity of CD20 expression cells,Phase I,No,,,,,,,,,,,,,,,,,,
Tocilizumab,PR_0436,MSB11456,Fresenius Kabi,Yes,PR_0345,Humanized Monoclonal antibody (IgG1) against IL-6R,Monoclonal antibody,Humanized,human IgG1,kappa,None,Unconjugated,None,Chinese hamster ovary (CHO) cells,"SQ_0043, SQ_0044",Yes,IL-6R,Inhibition of IL-6/IL-6R signaling to suppression inflammation,Approval,Yes,,,,,,,,,,,,,,,,,,
Trastuzumab,PR_0437,TX05,Tanvex BioPharma,Yes,PR_0348,Humanized Monoclonal antibody (IgG1) against HER2,Monoclonal antibody,Humanized,human IgG1,kappa,None,Unconjugated,None,Chinese hamster ovary (CHO) cells,"SQ_0027, SQ_0028",Yes,HER2,Inhibition of Her2 signaling in cancer,Phase III,No,,,,,,,,,,,,,,,,,,
Bermekimab,PR_0439,XILONIX,XBiotech Inc,No,,Human IgG1 monoclonal antibody targets IL-1α,Monoclonal antibody,Human,human IgG1,kappa,None,Unconjugated,None,Chinese hamster ovary (CHO) cells,,,IL-1α,Blocks IL-1α activity to reduce inflammation and tumor progression,Phase III,No,,No,,,,,,,,,,,,,,,,
MEDI4212,PR_0442,NONE,MedImmune/AstraZeneca,No,,Humanized IgG1 monoclonal antibody targets IgE to neutralize soluble IgE and eliminate IgE-expressing B cells,Monoclonal antibody,Human,human IgG1,kappa,FcγRIIIa,Unconjugated,None,Chinese hamster ovary (CHO) cells,,,IgE,Neutralizes soluble IgE and mediates ADCC to eliminate IgE-expressing B cells,Phase I,No,,No,,,,,,,,,,,,,,,,
Vatreptacog alfa,PR_0362,NONE,Novo Nordisk,No,,Recombinant Factor VIIa Analog with 3 mutations,Blood Clotting Factors,Human,Not Applicable,Not Applicable,Not Applicable,Not Applicable,None,Undetermined,,,"Factor X, Factor IX","In the absence of factor VIII or IX it can be shown that at pharmacologic doses, fVIIa will bind weakly to activated platelets and can directly activate factor X to factor Xa ",Phase III,No,,No,,,,,,,,,,,,,,,,
Etrolizumab,PR_0453,RHUMAB BETA7,Roche,No,,"Humanized IgG1κ monoclonal antibody targets the β7 subunit of integrins α4β7 and αEβ7, which are involved in leukocyte trafficking and retention in the gut",Monoclonal antibody,Humanized,human IgG1,kappa,None,Unconjugated,None,Chinese hamster ovary (CHO) cells,,,β7 integrin,"Blocks α4β7-MAdCAM-1 and αEβ7-E-cadherin interactions to inhibit leukocyte trafficking and retention in the gut, reducing inflammation in ulcerative colitis and Crohn's disease",Phase III,No,,No,,,,,,,,,,,,,,,,
Tirzepatide,PR_0400,MOUNJARO,Eli Lilly and Company,No,,Linear synthetic peptide conjugated to a C20 fatty acid moiety. Dual glucose-dependent insulinotropic polypeptide (GIP) and glucagon-like peptide-1 (GLP-1) receptor agonist,Peptide,Human,Not Applicable,Not Applicable,Not Applicable,Lipid Conjugate,C20 fatty acid,Undetermined,SQ_0235,Yes,GLP-1R ,GIP and GLP-1 receptor agonist,Approval,Yes,2022,Yes,2023,,,,,,,,,,,,,,,
Imalumab,PR_0445,BAX69,Shire Pharmaceutics,No,,"Fully human IgG1 monoclonal antibody targets macrophage migration inhibitory factor (MIF), a cytokine involved in inflammation and tumorigenesis",Monoclonal antibody,Human,human IgG1,kappa,None,Unconjugated,None,Chinese hamster ovary (CHO) cells,,,MIF,Blocks MIF to inhibit pro-inflammatory and tumor-promoting effects,Phase II,No,,No,,,,,,,,,,,,,,,,
Ozoralizumab,PR_0402,NANOZORA,Ablynx NV,No,,Humanized Trivalent Nanobody VHH designed for treatment of inflammatory diseases (rheumatoid arthritis) Approved in Japan. Subcutaneous Injection. Two anti-TNFa VHHs and one anti-serum albumin VHH,All Other Multispecifics,Humanized,VHH,Not Applicable,None,Unconjugated,None,Undetermined,SQ_0214,Yes,"TNFa, Albumin","Inhibition of TNFa binding to TNFa receptor, Binding to Serum Albumin",Approval,No,,No,,,,,,,,,,,,,,,,
Sonelokimab ,PR_0403,M1095,Merck / MoonLake Immunotherapeutics,No,,"Nanobody targeting both IL_17A and IL-17F, for treatement of moderate to severe chronic plaque-type psoriasis",Single-Domain Antibody,Humanized,Not Applicable,Not Applicable,None,Not applicable,None,Undetermined,SQ_0232,Yes,"IL-17A, IL-17F",Inhibition of IL-17 ,Phase II,No,,No,,,,,,,,,,,,,,,,
Vobarilizumab,PR_0404,ALX-0061,"Abbvie (Abbott), Ablynx NV",No,,humanized bispecific nanobody (Llama-derived heavy-chain only (Vhh) antibody) designed for the treatment of inflammatory autoimmune diseases,All Other Multispecifics,Humanized,VHH,Not Applicable,Not Applicable,Not applicable,None,Undetermined,SQ_0215,Yes,"IL-6R, Albumin",IL-6R blocker,Phase II,No,,No,,,,,,,,,,,,,,,,
GSK3174998,PR_0446,NONE,GlaxoSmithKline/Merck,No,,"Humanized IgG1 monoclonal antibody targets OX40 (CD134), a receptor on activated T-cells, to enhance immune responses against tumors",Monoclonal antibody,Humanized,human IgG1,kappa,None,Unconjugated,None,Chinese hamster ovary (CHO) cells,,,OX40,Activates OX40 signaling to stimulate effector T-cells and reduce regulatory T-cell activity in tumors,Phase II,No,,No,,,,,,,,,,,,,,,,
GSK1070806,PR_0447,NONE,GlaxoSmithKline,No,,"Humanized IgG1 monoclonal antibody targets IL‑18, a cytokine involved in inflammation and metabolic disorders like type 2 diabetes mellitus",Monoclonal antibody,Humanized,human IgG1,kappa,None,Unconjugated,None,Chinese hamster ovary (CHO) cells,,,"IL-18, IL-1F4",Neutralizes IL-18 to reduce inflammation and metabolic dysfunction,Phase IIa,No,,No,,,,,,,,,,,,,,,,
Faricimab,PR_0448,VABYSMO,Roche,No,,"VABYSMO is a vascular endothelial growth factor (VEGF) and angiopoietin 2 (Ang-2) inhibitor indicated for patients with DME, AMD and RVO",IgG-like Bispecific,Humanized,human IgG1,kappa and lambda,Many,Not Applicable,None,Undetermined,,,"VEGF, Ang2",Faricimab is a humanized bispecific antibody that acts through inhibition of two pathways by,Approval,Yes,2022,Yes,2022,,,,,,,,,,,,,,,
Epoetin alfa,PR_0408,ABSEAMED,Medice Arzneimittel Pütter Gmb,Yes,PR_0136,Recombinant human erythropoietin (Epo),Hormone and Growth Factors,Human,Not Applicable,Not Applicable,Not Applicable,Unconjugated,None,Undetermined,SQ_0098,Yes,EpoR,erythropoiesis-stimulating agent (ESA),Approval,No,,Yes,2007,,,,,,,,,,,,,,,
Epoetin alfa,PR_0409,BINOCRIT,Sandoz,Yes,PR_0136,Recombinant human erythropoietin (Epo),Hormone and Growth Factors,Human,Not Applicable,Not Applicable,Not Applicable,Unconjugated,None,Undetermined,SQ_0098,Yes,EpoR,erythropoiesis-stimulating agent (ESA),Approval,,,Yes,2016,,,,,,,,,,,,,,,
Epoetin alfa,PR_0410,EPOETIN ALFA HEXAL,Hexal Ag,Yes,PR_0136,Recombinant human erythropoietin (Epo),Hormone and Growth Factors,Human,Not Applicable,Not Applicable,Not Applicable,Unconjugated,None,Undetermined,SQ_0098,Yes,EpoR,erythropoiesis-stimulating agent (ESA),Approval,,,Yes,2016,,,,,,,,,,,,,,,
Epoetin alfa,PR_0411,ERYPO,Amgen/Johnson & Johnson,No,PR_0136,Recombinant human erythropoietin (Epo),Hormone and Growth Factors,Human,Not Applicable,Not Applicable,Not Applicable,Unconjugated,None,Undetermined,SQ_0098,Yes,EpoR,erythropoiesis-stimulating agent (ESA),Approval,,,,,,,,,,,,,,,,,,,
Epoetin alfa,PR_0412,EPREX,Amgen/Johnson & Johnson,No,PR_0136,Recombinant human erythropoietin (Epo),Hormone and Growth Factors,Human,Not Applicable,Not Applicable,Not Applicable,Unconjugated,None,Undetermined,SQ_0098,Yes,EpoR,erythropoiesis-stimulating agent (ESA),Approval,,,,,,,,,,,,,,,,,,,
Epoetin alfa,PR_0413,SILAPO,Stada Arzneimittel Ag,Yes,PR_0136,Recombinant human erythropoietin (Epo),Hormone and Growth Factors,Human,Not Applicable,Not Applicable,Not Applicable,Unconjugated,None,Undetermined,SQ_0098,Yes,EpoR,erythropoiesis-stimulating agent (ESA),Approval,,,Yes,2016,,,,,,,,,,,,,,,
Epoetin alfa,PR_0414,BIOPOIN,Teva,Yes,PR_0136,Recombinant human erythropoietin (Epo),Hormone and Growth Factors,Human,Not Applicable,Not Applicable,Not Applicable,Unconjugated,None,Undetermined,SQ_0098,Yes,EpoR,erythropoiesis-stimulating agent (ESA),Approval,,,Yes,2016,,,,,,,,,,,,,,,
Epoetin alfa,PR_0415,EPORATIO,Ratiopharm Inc	,Yes,PR_0136,Recombinant human erythropoietin (Epo),Hormone and Growth Factors,Human,Not Applicable,Not Applicable,Not Applicable,Unconjugated,None,Undetermined,SQ_0098,Yes,EpoR,erythropoiesis-stimulating agent (ESA),Approval,,,Yes,2016,,,,,,,,,,,,,,,
Epoetin alfa,PR_0416,NEORECORMON,Roche Registration Gmb H,Yes,PR_0136,Recombinant human erythropoietin (Epo),Hormone and Growth Factors,Human,Not Applicable,Not Applicable,Not Applicable,Unconjugated,None,Undetermined,SQ_0098,Yes,EpoR,erythropoiesis-stimulating agent (ESA),Approval,,,Yes,2020,,,,,,,,,,,,,,,
Oleclumab,PR_0450,NONE,AstraZeneca/MedImmune,No,,"Human IgG1λ monoclonal antibody targets CD73, an ectonucleotidase involved in adenosine-mediated immune suppression in tumors",Monoclonal antibody,Human,human IgG1,lambda,None,Unconjugated,None,Chinese hamster ovary (CHO) cells,,,CD73,"proliferation, neovascularization and vascular permeability. By inhibiting Ang-2, faricimab is",Phase III,No,,No,,,,,,,,,,,,,,,,
Bimekizumab,PR_0451,BIMZELX,UCB Pharma,No,,Humanized IgG1κ monoclonal antibody targeting IL‑17A and IL‑17F cytokines involved in inflammatory diseases,Monoclonal antibody,Humanized,human IgG1,kappa,None,Unconjugated,None,Chinese hamster ovary (CHO) cells,,,"IL-17A, IL-17F",thought to promote vascular stability and desensitize blood vessels to the effects of VEGF-A,Approval,Yes,2023,Yes,2021,,,,,,,,,,,,,,,
Motavizumab,PR_0452,MEDI-524,MedImmune,No,,Second generation monoclonal antibody (mAb) derived from palivizumab (Synagis) using affinity maturation,Monoclonal antibody,Humanized,human IgG1,kappa,None,Unconjugated,None,Chinese hamster ovary (CHO) cells,,,RSV F Protein,"Binds RSV F protein to block membrane fusion, preventing viral entry into host cells",Phase III,No,,No,,,,,,,,,,,,,,,,
Ranibizumab,PR_0420,BYOOVIZ,Samsung Bioepis,Yes,PR_0294,Humanized monoclonal antibody (IgG1 kappa) against VEGF-A,Monoclonal antibody,Humanized,Human Fab (CH1 IgG1),kappa,Not applicable,Unconjugated,None,E. coli bacteria,"SQ_0070, SQ_0071",Yes,VEGF-A,Inhibitor of VEGF-A,Approval,Yes,2022,Yes,2021,,,,,,,,,,,,,,,
Ranibizumab,PR_0421,CIMERLI,Coherus BioSciences,Yes,PR_0294,Humanized monoclonal antibody (IgG1 kappa) against VEGF-A,Monoclonal antibody,Humanized,Human Fab (CH1 IgG1),kappa,Not applicable,Unconjugated,None,E. coli bacteria,"SQ_0070, SQ_0071",Yes,VEGF-A,Inhibitor of VEGF-A,Approval,Yes,2022,No,,,,,,,,,,,,,,,,
Ranibizumab,PR_0422,SUSVIMO,Hoffmann La Roche,Yes,PR_0294,Humanized monoclonal antibody (IgG1 kappa) against VEGF-A,Monoclonal antibody,Humanized,Human Fab (CH1 IgG1),kappa,Not applicable,Unconjugated,None,E. coli bacteria,"SQ_0070, SQ_0071",Yes,VEGF-A,Inhibitor of VEGF-A,Approval,Yes,2021,No,,,,,,,,,,,,,,,,
Pinatuzumab Vedotin,PR_0454,RG-7593,Genentech,No,,Humanized IgG1 monoclonal antibody conjugated to monomethyl auristatin E (MMAE),Antibody-drug Conjugate,Humanized,human IgG1,kappa,None,Drug Conjugate,Vedotin (MMAE),Chinese hamster ovary (CHO) cells,,,CD22,"Binds CD22 on malignant B cells, internalizes, and releases MMAE to disrupt microtubule assembly, leading to apoptosis",Phase II,No,,No,,,,,,,,,,,,,,,,
Omalizumab,PR_0246,XOLAIR,"Genentech, Inc",No,,Humanized monoclonal antibody (IgG1 kappa) against Fc region of IgE indicated for asthma and chronic idiopathic urticaria,Monoclonal antibody,Humanized,human IgG1,kappa,None,Unconjugated,None,Chinese hamster ovary (CHO) cells,"SQ_0080, SQ_0081",Yes,IgE,Binds Fc region of IgE to inhibit native binding to mast cells and basophils ,Approval,Yes,2003,,,,,,,,,,,,,,,,,
Omalizumab,PR_0455,CT-P39,Celltrion Inc.  ,Yes,PR_0246,Humanized monoclonal antibody (IgG1 kappa) against Fc region of IgE indicated for asthma and chronic idiopathic urticaria,Monoclonal antibody,Humanized,human IgG1,kappa,None,Unconjugated,None,Chinese hamster ovary (CHO) cells,"SQ_0080, SQ_0081",Yes,IgE,Binds Fc region of IgE to inhibit native binding to mast cells and basophils ,Phase III,No,,No,,,,,,,,,,,,,,,,
Omalizumab,PR_0456,GNR-044,IBC Generium  ,Yes,PR_0246,Humanized monoclonal antibody (IgG1 kappa) against Fc region of IgE indicated for asthma and chronic idiopathic urticaria,Monoclonal antibody,Humanized,human IgG1,kappa,None,Unconjugated,None,Chinese hamster ovary (CHO) cells,"SQ_0080, SQ_0081",Yes,IgE,Binds Fc region of IgE to inhibit native binding to mast cells and basophils ,Phase III,No,,No,,,,,,,,,,,,,,,,
Omalizumab,PR_0457,ZERAFIL,CinnaGen  ,Yes,PR_0246,Humanized monoclonal antibody (IgG1 kappa) against Fc region of IgE indicated for asthma and chronic idiopathic urticaria,Monoclonal antibody,Humanized,human IgG1,kappa,None,Unconjugated,None,Chinese hamster ovary (CHO) cells,"SQ_0080, SQ_0081",Yes,IgE,Binds Fc region of IgE to inhibit native binding to mast cells and basophils ,Phase III,No,,No,,,,,,,,,,,,,,,,
Erenumab,PR_0139,AIMOVIG,"Amgen, Novartis",No,,Human monoclonal antibody (IgG2) against CGRPR,Monoclonal antibody,Human,human IgG2,lambda,None,Unconjugated,None,Chinese hamster ovary (CHO) cells,"SQ_0180, SQ_0181",Yes,CGRP receptor,Antagonism of CGRPR for migraine treatment,Approval,Yes,2018,Yes ,2020,,,,,,,,,,,,,,,
Evolocumab,PR_0150,REPATHA,Amgen,No,,Human monoclonal antibody (IgG2) against PCSK9,Monoclonal antibody,Human,human IgG2,lambda,None,Unconjugated,None,Chinese hamster ovary (CHO) cells,"SQ_0013, SQ_0014",Yes,PCSK9,Inhibition of PCSK9 binding to LDL-R,Approval,Yes,2015,,,,,,,,,,,,,,,,,
Fam-trastuzumab deruxtecan,PR_0151,ENHERTU,AstraZeneca/DAIICHI SANKYO ,No,,"Humanized anti-HER2 IgG1 antibody, enzymatically cleavable peptide-linker, and a topoisomerase I inhibitor (deruxtecan)",Antibody-drug conjugate,Human,human IgG2,lambda,None,Drug Conjugate,Deruxtecan,Undetermined,"SQ_0027, SQ_0028",Yes,HER2,"trastuzumab deruxtecan binds to HER2 found on malignant cells, it is internalized and linker cleavage occurs through the actions of lysosomal enzymes.",Approval,Yes,2019,Yes,2021,,,,,,,,,,,,,,,
Fremanezumab,PR_0160,AJOVY,Pfizer,No,,humanized monoclonal antibody directed against human calcitonin-gene related peptide,Monoclonal antibody,Humanized,human IgG2,kappa,A330S; P331S,Unconjugated,None,Chinese hamster ovary (CHO) cells,"SQ_0120, SQ_0121",Yes,CGRP receptor,"interferes with the activity of CGRP, preventing its downstream effects",Approval,Yes,2018,Yes,2019,,,,,,,,,,,,,,,
Panitumumab,PR_0253,VECTIBIX,Amgen,No,,recombinant human IgG2 monoclonal antibody that binds specifically to the human epidermal growth factor receptor (EGFR),Monoclonal antibody,Humanized,human IgG2,kappa,None,Unconjugated,None,Chinese hamster ovary (CHO) cells,"SQ_0076, SQ_0077",Yes,EGFR,Inhibition of  EGFR,Approval,Yes,2006,Yes,2016,,,,,,,,,,,,,,,
Romosozumab,PR_0312,EVENITY,Amgen,No,,Humanized monoclonal antibody (IgG2) against Sclerostin,Monoclonal antibody,Humanized,human IgG2,kappa,None,Unconjugated,None,Chinese hamster ovary (CHO) cells,"SQ_0060, SQ_0061",Yes,Sclerostin,Inhibition of the protein Sclerostin to prevent inhibition of bone formation,Approval,Yes,2019,,,,,,,,,,,,,,,,,
Satralizumab,PR_0317,ENSPRYNG,"Chugai Pharmaceuticals, Roche",No,,Humanized monoclonal antibody (IgG2) against IL-6 ,Monoclonal antibody,Humanized,human IgG2,kappa,None,Unconjugated,None,Chinese hamster ovary (CHO) cells,"SQ_0058, SQ_0059",Yes,IL-6R,Inhibition of IL-6/IL-6R signaling in a pH-sensitive manner,Approval,Yes,2020,Yes,2021,,,,,,,,,,,,,,,
Tanezumab,PR_0335,"RN624, PF-04383119","Pfizer, Eli Lilly",No,,Humanized Monoclonal antibody targeting nerve growth factor for the treatment of moderate to severe osteoarthritis pain,Monoclonal antibody,Humanized,human IgG2,kappa,None,Unconjugated,None,Undetermined,"SQ_0233, SQ_0234",Yes,NGF,Prevents binding of NGF (nerve growth factor) to receptors on sensory neurons. Prevents pain signaling ,Phase III,No,,No,,,,,,,,,,,,,,,,
Tremelimumab,PR_0401,IMJUDO,AstraZeneca,No,,anti-CTLA-4 antibody used to treat unresectable hepatocellular carcinoma in combination with durvalumab.,Monoclonal antibody,Human,human IgG2,kappa,None,Unconjugated,None,Murine myeloma cells,"SQ_0242, SQ_0243",Yes,CTLA-4,"By binding to CTLA-4, tremelimumab blocks the interaction of CTLA-4 with its ligands, CD80 and CD86, limiting its negative regulatory effect on T cell activation. Inhibition of CTLA-4 leads to increased proliferation of T cells in tumours and promotes T cell-mediated cytotoxicity.8",Approval,Yes,2022,No,,,,,,,,,,,,,,,,
Utomilumab,PR_0405,PF-05082566,Pfizer,No,,"IMMUNOGLOBULIN G2, ANTI-(HUMAN RECEPTOR 4-1BB) (HUMAN MONOCLONAL PF-05082566 HEAVY CHAIN), DISULFIDE WITH HUMAN MONOCLONAL PF-05082566 LIGHT CHAIN, DIMER",Monoclonal antibody,Human,human IgG2,lambda,None,Unconjugated,None,Chinese hamster ovary (CHO) cells,"SQ_0240, SQ_0241",Yes,4-1BB,CD137 antigen agonists; T lymphocyte stimulants,Phase II,No,,No,,,,,,,,,,,,,,,,
Denosumab,PR_0431,GP2411,Wyost/Jubbonti,Yes,PR_0112,"Human IgG2 monoclonal antibody, RANK ligand inhibitor used for management of osteoporosis",Monoclonal antibody,Human,human IgG2,kappa,None,Unconjugated,None,Chinese hamster ovary (CHO) cells,"SQ_0172, SQ_0173",Yes,RANK-L,RANK ligand inhibitor,Approval,Yes,2024,,,,,,,,,,,,,,,,,
Galcanezumab,PR_0161,EMGALITY,Eli Lilly and Company,No,,humanized monoclonal (IgG4 kappa) antibody against human calcitonin gene-related peptide ,Monoclonal antibody,Humanized,human IgG2,kappa,S228P; F234A; L235A,Unconjugated,None,Chinese hamster ovary (CHO) cells,"SQ_0182, SQ_0183",Yes,CGRP receptor,"interferes with the activity of CGRP, preventing its downstream effects",Approval,Yes,2018,Yes,2020,,,,,,,,,,,,,,,
Trebananib,PR_0441,AMG386,Amgen,No,,recombinant peptide–Fc (IgG) fusion protein binding Ang-1/2,Fc-Fusion,Human,Not Applicable,Not Applicable,Not Applicable,Not Applicable,None,Undetermined,,,Ang1/2,antiangiogenic,Phase III,No,,No,,,,,,,,,,,,,,,,
Gemtuzumab ozogamicin,PR_0165,MYLOTARG,Wyeth/Pfizer,No,,"recombinant humanized IgG4 kappa antibody conjugated with calicheamicin derivative, a cytotoxic antitumor antibiotic",Antibody-drug conjugate,Humanized,Human IgG4,kappa,S228P,Drug Conjugate,Ozogamicin,Murine myeloma cells,"SQ_0184, SQ_0185",Yes,CD33,"Binding of the anti-CD33 antibody portion of Mylotarg with the CD33 antigen results in the formation of a complex that is internalized. Upon internalization, the calicheamicin derivative is released inside the lysosomes of the myeloid cell. The released calicheamicin derivative binds to DNA in the minor groove resulting in site-specific DNA double strand breaks via formation of a p-benzene diradical",Approval,Yes,2017,Yes,2020,,,,,,,,,,,,,,,
Ibalizumab,PR_0171,TROGARZO,TaiMed Biologics,No,,"IgG4 kappa monoclonal antibody that binds to CD4 receptors on the surface of CD4-positive cells, preventing HIV particle entry into the lymphocytes",Monoclonal antibody,Humanized,Human IgG4,kappa,None,Unconjugated,None,Murine myeloma cells,"SQ_0188, SQ_0189",Yes,CD4,CD4 domain 2-directed post-attachment HIV-1 inhibitor,Approval,Yes,2018,Yes,2021,,,,,,,,,,,,,,,
Inotuzumab ozogamicin,PR_0182,BESPONSA,Pfizer/Wyeth/UCB,No,,"Recombinant humanised IgG4 kappa CD22-targeting monoclonal antibody covalently attached to calicheamicin derivative, N-acetyl-gamma-calicheamicin dimethylhydrazide, which is a potent DNA-binding cytotoxic agent",Antibody-drug conjugate,Humanized,Human IgG4,kappa,S228P,Drug Conjugate,Ozogamicin,Chinese hamster ovary (CHO) cells,"SQ_0196, SQ_0197",Yes,CD22,"exerts a potent cytotoxic effect against CD22+ B-cell lymphoma when the antibody binds to the CD22 receptor on the surface of B cells . The drug-CD22 complex is rapidly internalized into the cell, forming an endosome which subsequently fuses with lysosomes. N-acetyl-gamma-calicheamicin dimethylhydrazide is then intracellularly released into the acidic environment",Approval,Yes,2017,Yes,2020,,,,,,,,,,,,,,,
Ixekizumab,PR_0216,TALTZ,Eli Lilly,No,,Humanized monoclonal antibody (IgG4/kappa) against interleukin-17A,Monoclonal antibody,Humanized,Human IgG4,kappa,S228P,Unconjugated,None,Chinese hamster ovary (CHO) cells,"SQ_0019, SQ_0020",Yes,IL-17A,Inhibition of IL-17A,Approval,Yes,2016,Yes,2016,,,,,,,,,,,,,,,
Lebrikizumab,PR_0220,EBGLYSS,Almirall/Eli Lilly/Roche,No,,LEBRIKIZUMAB is a humanized monoclonal antibody and an experimental immunosuppressive drug for the treatment of asthma that cannot be adequately controlled with inhalable glucocorticoids. ,Monoclonal Antibody,Humanized,Human IgG4,kappa,S228P,Unconjugated,None,Chinese hamster ovary (CHO) cells,,,IL-13,Binds with high affinity and slow off-rate to interleukin (IL)-13 and allows IL-13 to bind to IL-13Rα1 but inhibits human IL-13 signaling through the IL-4Rα/IL-13Rα1 receptor complex,Approval,Yes,2024,Yes,2023,,,,,,,,,,,,,,,
Magrolimab,PR_0225,HU5F9-G4,Gilead Sciences,No,,"Magrolimab (5F9; Hu5F9-G4) is a humanized monoclonal antibody against CD47, that is designed to interfere with recognition of CD47 by the SIRPalpha receptor on macrophages, under development by Forty Seven for the treatment of cancer; and in combination with FSI-174 for stem cell depletion as a conditioning regimen before HSCT. It is also under development for pancreatic cancer. It was previously under development for stem cell depletion, triple-negative breast cancer and melanoma",Monoclonal Antibody,Humanized,Human IgG4,kappa,None,Unconjugated,None,Undetermined,"SQ_0132, SQ_0133",Yes,CD47,Inhibition of CD47 and macrophage checkpoint inhibition,Phase III,No,,,,,,,,,,,,,,,,,,
Natalizumab,PR_0235,TYSABRI ,Biogen,No,,"Natalizumab is a humanized mAb directed against VLA-4  that blocks the passage of leucocytes across the blood/brain barrier, developed for the treatment of multiple sclerosis (MS), Crohn's disease (CD), partial epilepsy (focal, local) and other inflammatory disorders. It was also in development for multiple myeloma",Monoclonal antibody,Humanized,Human IgG4,kappa,None,Unconjugated,None,Murine myeloma cells,"SQ_0086, SQ_0087",Yes,Alpa4beta1 integrin,Inhibition of alpa4beta1 integrin,Approval,Yes,2006,Yes,2020,,,,,,,,,,,,,,,
Nivolumab,PR_0238,OPDIVO,Bristol-Myers Squibb,No,,A Human IgG4 antibody blocking programmed death receptor-1 (PD-1),Monoclonal antibody,Humanized,Human IgG4,kappa,S228P,Unconjugated,None,Chinese hamster ovary (CHO) cells,"SQ_0021, SQ_0022",Yes,PDCD1 (PD-1),Inhibition of PDL1 to PD1 to promote T cell activation,Approval,Yes,2015,Yes,2020,,,,,,,,,,,,,,,
Pembrolizumab,PR_0287,KEYTRUDA,Merck,No,,Humanzied IgG4 Monoclonal against PDCD1 (PD1),Monoclonal antibody,Humanized,Human IgG4,kappa,S228P,Unconjugated,None,Chinese hamster ovary (CHO) cells,"SQ_0039, SQ_0040",Yes,PDCD1 (PD-1),Inhibition of PDL1 to PD1 to promote T cell activation,Approval,Yes,2014,Yes,2016,,,,,,,,,,,,,,,
Reslizumab,PR_0301,"CINQAIR, CINQAERO, CINQUIL",TEVA RESPIRATORY LLC,No,,Humanized monoclonal antibody (IgG4) against IL-5,Monoclonal antibody,Humanized,Human IgG4,kappa,None,Unconjugated,None,Murine myeloma cells,"SQ_0064, SQ_0065",Yes,IL-5,"IL-5 Antagonist mAb, prevents growth and differentiation of eosinophils in nonallegic forms of asthma",Approval,Yes,2016,Yes,2020,,,,,,,,,,,,,,,
Tralokinumab,PR_0347,ADBRY,Leo Pharma,No,,Human IgG4 monoclonal antibody targeted against IL-13,Monoclonal antibody,Human,Human IgG4,lambda,None,Unconjugated,None,Murine myeloma cells,,,IL-13,Neutralizes the activity of IL-13 by blocking its interaction with both the IL-13Rα1/IL-4Rα receptor complex and IL-13Rα2 receptors.,Approval,Yes,2021,Yes,2021,,,,,,,,,,,,,,,
Monalizumab,PR_0423,IPH-2201,Innate Pharma,No,,Humanized monoclonal antibody (IgG4) targeting NKG2A,Monoclonal antibody,Humanized,Human IgG4,kappa,None,Unconjugated,None,Chinese hamster ovary (CHO) cells,"SQ_0244, SQ_0245",Yes,NKG2A,Prevents the inhibition of CD8+ T cells and NK cell by tumor cells expressing HLA-E,Phase III,No,,No,,,,,,,,,,,,,,,,
Natalizumab,PR_0432,PB006,Polpharma Biologics,Yes,PR_0235,"Natalizumab is a humanized mAb directed against VLA-4  that blocks the passage of leucocytes across the blood/brain barrier, developed for the treatment of multiple sclerosis (MS), Crohn's disease (CD), partial epilepsy (focal, local) and other inflammatory disorders. It was also in development for multiple myeloma",Monoclonal antibody,Humanized,Human IgG4,kappa,None,Unconjugated,None,Murine myeloma cells,"SQ_0086, SQ_0087",Yes,Alpa4beta1 integrin,Inhibition of alpa4beta1 integrin,Phase III,No,,,,,,,,,,,,,,,,,,
Cabiralizumab,PR_0438,FPA008,Bristol-Myers Squibb/Five Prime Therapeutics,No,,Humanized monoclonal antibody directed against the tyrosine kinase receptor colony stimulating factor 1 receptor and CD115,Monoclonal antibody,Humanized,Human IgG4,kappa,None,Unconjugated,None,Chinese hamster ovary (CHO) cells,,,CSF1R/CD115,"Blocks CSF1R to inhibit macrophage recruitment and polarization, reducing tumor growth and inflammation",Phase II,No,,No,,,,,,,,,,,,,,,,
MEDI0680,PR_0440,NONE,AstraZeneca/MedImmune,No,,Humanized IgG4κ monoclonal antibody targets PD-1,Monoclonal antibody,Humanized,Human IgG4,kappa,None,Unconjugated,None,Undetermined,,,PDCD1 (PD-1),Inhibits PD‑1 to restore T-cell activity against tumors,Phase II,No,,No,,,,,,,,,,,,,,,,
Emibetuzumab,PR_0443,LY2875358,Eli Lilly & Company,No,,Humanized IgG4 monoclonal antibody targets MET receptor (HGFR) to inhibit HGF-dependent and independent MET signaling,Monoclonal antibody,Humanized,Human IgG4,kappa,None,Unconjugated,None,Chinese hamster ovary (CHO) cells,,,MET receptor,Inhibits MET receptor signaling to reduce tumor growth and resistance to EGFR inhibitors,Phase II,No,,No,,,,,,,,,,,,,,,,
Itepekimab,PR_0449,REGN3500,Regeneron and Sanofi,No,,indicated for the treatment of patients with,Monoclonal antibody,Human,Human IgG4,kappa,None,Unconjugated,None,Chinese hamster ovary (CHO) cells,,,IL-33,"binding to VEGF-A and Ang-2. By inhibiting VEGF-A, faricimab suppresses endothelial cell",Phase III,No,,No,,,,,,,,,,,,,,,,
,,,,,,,,,,,,,,,,,,,,,,,,,,,,,,,,,,,,,,
,,,,,,,,,,,,,,,,,,,,,,,,,,,,,,,,,,,,,,
,,,,,,,,,,,,,,,,,,,,,,,,,,,,,,,,,,,,,,
,,,,,,,,,,,,,,,,,,,,,,,,,,,,,,,,,,,,,,
,,,,,,,,,,,,,,,,,,,,,,,,,,,,,,,,,,,,,,
,,,,,,,,,,,,,,,,,,,,,,,,,,,,,,,,,,,,,,
,,,,,,,,,,,,,,,,,,,,,,,,,,,,,,,,,,,,,,
,,,,,,,,,,,,,,,,,,,,,,,,,,,,,,,,,,,,,,
,,,,,,,,,,,,,,,,,,,,,,,,,,,,,,,,,,,,,,
,,,,,,,,,,,,,,,,,,,,,,,,,,,,,,,,,,,,,,
,,,,,,,,,,,,,,,,,,,,,,,,,,,,,,,,,,,,,,
,,,,,,,,,,,,,,,,,,,,,,,,,,,,,,,,,,,,,,
,,,,,,,,,,,,,,,,,,,,,,,,,,,,,,,,,,,,,,
,,,,,,,,,,,,,,,,,,,,,,,,,,,,,,,,,,,,,,
,,,,,,,,,,,,,,,,,,,,,,,,,,,,,,,,,,,,,,
,,,,,,,,,,,,,,,,,,,,,,,,,,,,,,,,,,,,,,
,,,,,,,,,,,,,,,,,,,,,,,,,,,,,,,,,,,,,,
,,,,,,,,,,,,,,,,,,,,,,,,,,,,,,,,,,,,,,
,,,,,,,,,,,,,,,,,,,,,,,,,,,,,,,,,,,,,,
,,,,,,,,,,,,,,,,,,,,,,,,,,,,,,,,,,,,,,
,,,,,,,,,,,,,,,,,,,,,,,,,,,,,,,,,,,,,,
,,,,,,,,,,,,,,,,,,,,,,,,,,,,,,,,,,,,,,
,,,,,,,,,,,,,,,,,,,,,,,,,,,,,,,,,,,,,,
,,,,,,,,,,,,,,,,,,,,,,,,,,,,,,,,,,,,,,
,,,,,,,,,,,,,,,,,,,,,,,,,,,,,,,,,,,,,,
,,,,,,,,,,,,,,,,,,,,,,,,,,,,,,,,,,,,,,
,,,,,,,,,,,,,,,,,,,,,,,,,,,,,,,,,,,,,,
,,,,,,,,,,,,,,,,,,,,,,,,,,,,,,,,,,,,,,
,,,,,,,,,,,,,,,,,,,,,,,,,,,,,,,,,,,,,,
,,,,,,,,,,,,,,,,,,,,,,,,,,,,,,,,,,,,,,
,,,,,,,,,,,,,,,,,,,,,,,,,,,,,,,,,,,,,,
,,,,,,,,,,,,,,,,,,,,,,,,,,,,,,,,,,,,,,
,,,,,,,,,,,,,,,,,,,,,,,,,,,,,,,,,,,,,,
,,,,,,,,,,,,,,,,,,,,,,,,,,,,,,,,,,,,,,
,,,,,,,,,,,,,,,,,,,,,,,,,,,,,,,,,,,,,,
,,,,,,,,,,,,,,,,,,,,,,,,,,,,,,,,,,,,,,
,,,,,,,,,,,,,,,,,,,,,,,,,,,,,,,,,,,,,,
,,,,,,,,,,,,,,,,,,,,,,,,,,,,,,,,,,,,,,
,,,,,,,,,,,,,,,,,,,,,,,,,,,,,,,,,,,,,,
,,,,,,,,,,,,,,,,,,,,,,,,,,,,,,,,,,,,,,
,,,,,,,,,,,,,,,,,,,,,,,,,,,,,,,,,,,,,,
,,,,,,,,,,,,,,,,,,,,,,,,,,,,,,,,,,,,,,
,,,,,,,,,,,,,,,,,,,,,,,,,,,,,,,,,,,,,,
,,,,,,,,,,,,,,,,,,,,,,,,,,,,,,,,,,,,,,
,,,,,,,,,,,,,,,,,,,,,,,,,,,,,,,,,,,,,,
,,,,,,,,,,,,,,,,,,,,,,,,,,,,,,,,,,,,,,
,,,,,,,,,,,,,,,,,,,,,,,,,,,,,,,,,,,,,,
,,,,,,,,,,,,,,,,,,,,,,,,,,,,,,,,,,,,,,
,,,,,,,,,,,,,,,,,,,,,,,,,,,,,,,,,,,,,,
,,,,,,,,,,,,,,,,,,,,,,,,,,,,,,,,,,,,,,
,,,,,,,,,,,,,,,,,,,,,,,,,,,,,,,,,,,,,,
,,,,,,,,,,,,,,,,,,,,,,,,,,,,,,,,,,,,,,
,,,,,,,,,,,,,,,,,,,,,,,,,,,,,,,,,,,,,,
,,,,,,,,,,,,,,,,,,,,,,,,,,,,,,,,,,,,,,
,,,,,,,,,,,,,,,,,,,,,,,,,,,,,,,,,,,,,,
,,,,,,,,,,,,,,,,,,,,,,,,,,,,,,,,,,,,,,
,,,,,,,,,,,,,,,,,,,,,,,,,,,,,,,,,,,,,,
,,,,,,,,,,,,,,,,,,,,,,,,,,,,,,,,,,,,,,
,,,,,,,,,,,,,,,,,,,,,,,,,,,,,,,,,,,,,,
,,,,,,,,,,,,,,,,,,,,,,,,,,,,,,,,,,,,,,
,,,,,,,,,,,,,,,,,,,,,,,,,,,,,,,,,,,,,,
,,,,,,,,,,,,,,,,,,,,,,,,,,,,,,,,,,,,,,
,,,,,,,,,,,,,,,,,,,,,,,,,,,,,,,,,,,,,,
,,,,,,,,,,,,,,,,,,,,,,,,,,,,,,,,,,,,,,
,,,,,,,,,,,,,,,,,,,,,,,,,,,,,,,,,,,,,,
,,,,,,,,,,,,,,,,,,,,,,,,,,,,,,,,,,,,,,
,,,,,,,,,,,,,,,,,,,,,,,,,,,,,,,,,,,,,,
,,,,,,,,,,,,,,,,,,,,,,,,,,,,,,,,,,,,,,
,,,,,,,,,,,,,,,,,,,,,,,,,,,,,,,,,,,,,,
,,,,,,,,,,,,,,,,,,,,,,,,,,,,,,,,,,,,,,
,,,,,,,,,,,,,,,,,,,,,,,,,,,,,,,,,,,,,,
,,,,,,,,,,,,,,,,,,,,,,,,,,,,,,,,,,,,,,
,,,,,,,,,,,,,,,,,,,,,,,,,,,,,,,,,,,,,,
,,,,,,,,,,,,,,,,,,,,,,,,,,,,,,,,,,,,,,
,,,,,,,,,,,,,,,,,,,,,,,,,,,,,,,,,,,,,,
,,,,,,,,,,,,,,,,,,,,,,,,,,,,,,,,,,,,,,
,,,,,,,,,,,,,,,,,,,,,,,,,,,,,,,,,,,,,,
,,,,,,,,,,,,,,,,,,,,,,,,,,,,,,,,,,,,,,
,,,,,,,,,,,,,,,,,,,,,,,,,,,,,,,,,,,,,,
,,,,,,,,,,,,,,,,,,,,,,,,,,,,,,,,,,,,,,
,,,,,,,,,,,,,,,,,,,,,,,,,,,,,,,,,,,,,,
,,,,,,,,,,,,,,,,,,,,,,,,,,,,,,,,,,,,,,
,,,,,,,,,,,,,,,,,,,,,,,,,,,,,,,,,,,,,,
,,,,,,,,,,,,,,,,,,,,,,,,,,,,,,,,,,,,,,
,,,,,,,,,,,,,,,,,,,,,,,,,,,,,,,,,,,,,,
,,,,,,,,,,,,,,,,,,,,,,,,,,,,,,,,,,,,,,
,,,,,,,,,,,,,,,,,,,,,,,,,,,,,,,,,,,,,,
,,,,,,,,,,,,,,,,,,,,,,,,,,,,,,,,,,,,,,
,,,,,,,,,,,,,,,,,,,,,,,,,,,,,,,,,,,,,,
,,,,,,,,,,,,,,,,,,,,,,,,,,,,,,,,,,,,,,
,,,,,,,,,,,,,,,,,,,,,,,,,,,,,,,,,,,,,,
,,,,,,,,,,,,,,,,,,,,,,,,,,,,,,,,,,,,,,
,,,,,,,,,,,,,,,,,,,,,,,,,,,,,,,,,,,,,,
,,,,,,,,,,,,,,,,,,,,,,,,,,,,,,,,,,,,,,
,,,,,,,,,,,,,,,,,,,,,,,,,,,,,,,,,,,,,,
,,,,,,,,,,,,,,,,,,,,,,,,,,,,,,,,,,,,,,
,,,,,,,,,,,,,,,,,,,,,,,,,,,,,,,,,,,,,,
,,,,,,,,,,,,,,,,,,,,,,,,,,,,,,,,,,,,,,
,,,,,,,,,,,,,,,,,,,,,,,,,,,,,,,,,,,,,,
,,,,,,,,,,,,,,,,,,,,,,,,,,,,,,,,,,,,,,
,,,,,,,,,,,,,,,,,,,,,,,,,,,,,,,,,,,,,,
,,,,,,,,,,,,,,,,,,,,,,,,,,,,,,,,,,,,,,
,,,,,,,,,,,,,,,,,,,,,,,,,,,,,,,,,,,,,,
,,,,,,,,,,,,,,,,,,,,,,,,,,,,,,,,,,,,,,
,,,,,,,,,,,,,,,,,,,,,,,,,,,,,,,,,,,,,,
,,,,,,,,,,,,,,,,,,,,,,,,,,,,,,,,,,,,,,
,,,,,,,,,,,,,,,,,,,,,,,,,,,,,,,,,,,,,,
,,,,,,,,,,,,,,,,,,,,,,,,,,,,,,,,,,,,,,
,,,,,,,,,,,,,,,,,,,,,,,,,,,,,,,,,,,,,,
,,,,,,,,,,,,,,,,,,,,,,,,,,,,,,,,,,,,,,
,,,,,,,,,,,,,,,,,,,,,,,,,,,,,,,,,,,,,,
,,,,,,,,,,,,,,,,,,,,,,,,,,,,,,,,,,,,,,
,,,,,,,,,,,,,,,,,,,,,,,,,,,,,,,,,,,,,,
,,,,,,,,,,,,,,,,,,,,,,,,,,,,,,,,,,,,,,
,,,,,,,,,,,,,,,,,,,,,,,,,,,,,,,,,,,,,,
,,,,,,,,,,,,,,,,,,,,,,,,,,,,,,,,,,,,,,
,,,,,,,,,,,,,,,,,,,,,,,,,,,,,,,,,,,,,,
,,,,,,,,,,,,,,,,,,,,,,,,,,,,,,,,,,,,,,
,,,,,,,,,,,,,,,,,,,,,,,,,,,,,,,,,,,,,,
,,,,,,,,,,,,,,,,,,,,,,,,,,,,,,,,,,,,,,
,,,,,,,,,,,,,,,,,,,,,,,,,,,,,,,,,,,,,,
,,,,,,,,,,,,,,,,,,,,,,,,,,,,,,,,,,,,,,
,,,,,,,,,,,,,,,,,,,,,,,,,,,,,,,,,,,,,,
,,,,,,,,,,,,,,,,,,,,,,,,,,,,,,,,,,,,,,
,,,,,,,,,,,,,,,,,,,,,,,,,,,,,,,,,,,,,,
,,,,,,,,,,,,,,,,,,,,,,,,,,,,,,,,,,,,,,
,,,,,,,,,,,,,,,,,,,,,,,,,,,,,,,,,,,,,,
,,,,,,,,,,,,,,,,,,,,,,,,,,,,,,,,,,,,,,
,,,,,,,,,,,,,,,,,,,,,,,,,,,,,,,,,,,,,,
,,,,,,,,,,,,,,,,,,,,,,,,,,,,,,,,,,,,,,
,,,,,,,,,,,,,,,,,,,,,,,,,,,,,,,,,,,,,,
,,,,,,,,,,,,,,,,,,,,,,,,,,,,,,,,,,,,,,
,,,,,,,,,,,,,,,,,,,,,,,,,,,,,,,,,,,,,,
,,,,,,,,,,,,,,,,,,,,,,,,,,,,,,,,,,,,,,
,,,,,,,,,,,,,,,,,,,,,,,,,,,,,,,,,,,,,,
,,,,,,,,,,,,,,,,,,,,,,,,,,,,,,,,,,,,,,
,,,,,,,,,,,,,,,,,,,,,,,,,,,,,,,,,,,,,,
,,,,,,,,,,,,,,,,,,,,,,,,,,,,,,,,,,,,,,
,,,,,,,,,,,,,,,,,,,,,,,,,,,,,,,,,,,,,,
,,,,,,,,,,,,,,,,,,,,,,,,,,,,,,,,,,,,,,
,,,,,,,,,,,,,,,,,,,,,,,,,,,,,,,,,,,,,,
,,,,,,,,,,,,,,,,,,,,,,,,,,,,,,,,,,,,,,
,,,,,,,,,,,,,,,,,,,,,,,,,,,,,,,,,,,,,,
,,,,,,,,,,,,,,,,,,,,,,,,,,,,,,,,,,,,,,
,,,,,,,,,,,,,,,,,,,,,,,,,,,,,,,,,,,,,,
,,,,,,,,,,,,,,,,,,,,,,,,,,,,,,,,,,,,,,
,,,,,,,,,,,,,,,,,,,,,,,,,,,,,,,,,,,,,,
,,,,,,,,,,,,,,,,,,,,,,,,,,,,,,,,,,,,,,
,,,,,,,,,,,,,,,,,,,,,,,,,,,,,,,,,,,,,,
,,,,,,,,,,,,,,,,,,,,,,,,,,,,,,,,,,,,,,
,,,,,,,,,,,,,,,,,,,,,,,,,,,,,,,,,,,,,,
,,,,,,,,,,,,,,,,,,,,,,,,,,,,,,,,,,,,,,
,,,,,,,,,,,,,,,,,,,,,,,,,,,,,,,,,,,,,,
,,,,,,,,,,,,,,,,,,,,,,,,,,,,,,,,,,,,,,
,,,,,,,,,,,,,,,,,,,,,,,,,,,,,,,,,,,,,,
,,,,,,,,,,,,,,,,,,,,,,,,,,,,,,,,,,,,,,
,,,,,,,,,,,,,,,,,,,,,,,,,,,,,,,,,,,,,,
,,,,,,,,,,,,,,,,,,,,,,,,,,,,,,,,,,,,,,
,,,,,,,,,,,,,,,,,,,,,,,,,,,,,,,,,,,,,,
,,,,,,,,,,,,,,,,,,,,,,,,,,,,,,,,,,,,,,
,,,,,,,,,,,,,,,,,,,,,,,,,,,,,,,,,,,,,,
,,,,,,,,,,,,,,,,,,,,,,,,,,,,,,,,,,,,,,
,,,,,,,,,,,,,,,,,,,,,,,,,,,,,,,,,,,,,,
,,,,,,,,,,,,,,,,,,,,,,,,,,,,,,,,,,,,,,
,,,,,,,,,,,,,,,,,,,,,,,,,,,,,,,,,,,,,,
,,,,,,,,,,,,,,,,,,,,,,,,,,,,,,,,,,,,,,
,,,,,,,,,,,,,,,,,,,,,,,,,,,,,,,,,,,,,,
,,,,,,,,,,,,,,,,,,,,,,,,,,,,,,,,,,,,,,
,,,,,,,,,,,,,,,,,,,,,,,,,,,,,,,,,,,,,,
,,,,,,,,,,,,,,,,,,,,,,,,,,,,,,,,,,,,,,
,,,,,,,,,,,,,,,,,,,,,,,,,,,,,,,,,,,,,,
,,,,,,,,,,,,,,,,,,,,,,,,,,,,,,,,,,,,,,
,,,,,,,,,,,,,,,,,,,,,,,,,,,,,,,,,,,,,,
,,,,,,,,,,,,,,,,,,,,,,,,,,,,,,,,,,,,,,
,,,,,,,,,,,,,,,,,,,,,,,,,,,,,,,,,,,,,,
,,,,,,,,,,,,,,,,,,,,,,,,,,,,,,,,,,,,,,
,,,,,,,,,,,,,,,,,,,,,,,,,,,,,,,,,,,,,,
,,,,,,,,,,,,,,,,,,,,,,,,,,,,,,,,,,,,,,
,,,,,,,,,,,,,,,,,,,,,,,,,,,,,,,,,,,,,,
,,,,,,,,,,,,,,,,,,,,,,,,,,,,,,,,,,,,,,
,,,,,,,,,,,,,,,,,,,,,,,,,,,,,,,,,,,,,,
,,,,,,,,,,,,,,,,,,,,,,,,,,,,,,,,,,,,,,
,,,,,,,,,,,,,,,,,,,,,,,,,,,,,,,,,,,,,,
,,,,,,,,,,,,,,,,,,,,,,,,,,,,,,,,,,,,,,
,,,,,,,,,,,,,,,,,,,,,,,,,,,,,,,,,,,,,,
,,,,,,,,,,,,,,,,,,,,,,,,,,,,,,,,,,,,,,
,,,,,,,,,,,,,,,,,,,,,,,,,,,,,,,,,,,,,,
,,,,,,,,,,,,,,,,,,,,,,,,,,,,,,,,,,,,,,
,,,,,,,,,,,,,,,,,,,,,,,,,,,,,,,,,,,,,,
,,,,,,,,,,,,,,,,,,,,,,,,,,,,,,,,,,,,,,
,,,,,,,,,,,,,,,,,,,,,,,,,,,,,,,,,,,,,,
,,,,,,,,,,,,,,,,,,,,,,,,,,,,,,,,,,,,,,
,,,,,,,,,,,,,,,,,,,,,,,,,,,,,,,,,,,,,,
,,,,,,,,,,,,,,,,,,,,,,,,,,,,,,,,,,,,,,
,,,,,,,,,,,,,,,,,,,,,,,,,,,,,,,,,,,,,,
,,,,,,,,,,,,,,,,,,,,,,,,,,,,,,,,,,,,,,
,,,,,,,,,,,,,,,,,,,,,,,,,,,,,,,,,,,,,,
,,,,,,,,,,,,,,,,,,,,,,,,,,,,,,,,,,,,,,
,,,,,,,,,,,,,,,,,,,,,,,,,,,,,,,,,,,,,,
,,,,,,,,,,,,,,,,,,,,,,,,,,,,,,,,,,,,,,
,,,,,,,,,,,,,,,,,,,,,,,,,,,,,,,,,,,,,,
,,,,,,,,,,,,,,,,,,,,,,,,,,,,,,,,,,,,,,
,,,,,,,,,,,,,,,,,,,,,,,,,,,,,,,,,,,,,,
,,,,,,,,,,,,,,,,,,,,,,,,,,,,,,,,,,,,,,
,,,,,,,,,,,,,,,,,,,,,,,,,,,,,,,,,,,,,,
,,,,,,,,,,,,,,,,,,,,,,,,,,,,,,,,,,,,,,
,,,,,,,,,,,,,,,,,,,,,,,,,,,,,,,,,,,,,,
,,,,,,,,,,,,,,,,,,,,,,,,,,,,,,,,,,,,,,
,,,,,,,,,,,,,,,,,,,,,,,,,,,,,,,,,,,,,,
,,,,,,,,,,,,,,,,,,,,,,,,,,,,,,,,,,,,,,
,,,,,,,,,,,,,,,,,,,,,,,,,,,,,,,,,,,,,,
,,,,,,,,,,,,,,,,,,,,,,,,,,,,,,,,,,,,,,
,,,,,,,,,,,,,,,,,,,,,,,,,,,,,,,,,,,,,,
,,,,,,,,,,,,,,,,,,,,,,,,,,,,,,,,,,,,,,
,,,,,,,,,,,,,,,,,,,,,,,,,,,,,,,,,,,,,,
,,,,,,,,,,,,,,,,,,,,,,,,,,,,,,,,,,,,,,
